text,domain
so increase volume now,SYSTEM
face the study room,NAVIGATION
explain oceans in simple words,STUDY
okay final answer true thanks,GAME
my favorite food is chocolate,CHAT
hey turn off notifications please,SYSTEM
hmm you're adorable sweetie please,PET
so my guess is red please,GAME
i'll guess the first one,GAME
i need help with condensation,STUDY
how does oceans work,STUDY
um my favorite food is robots thanks,CHAT
what does condensation mean,STUDY
time for red light green light,PET
hmm speak in japanese now,SYSTEM
oh my favorite food is ice cream,CHAT
scratch behind your ears darling,PET
please go to the kitchen thanks,NAVIGATION
i don't understand the sun,STUDY
can you tell a story with a ninja and an astronaut,STORY
do you like cars,CHAT
um hush please,SYSTEM
um enable wifi,SYSTEM
hey i'm guessing option a okay,GAME
let's see how much i know about physics,STUDY
stay away from the rug,NAVIGATION
in the game it must be no,GAME
quit everything okay,SYSTEM
go to the study room,NAVIGATION
hmm my favorite food is chocolate now,CHAT
teach me about dinosaurs,STUDY
rotate forward,NAVIGATION
i pick yes for the game now,GAME
i'll guess left,GAME
so hush,SYSTEM
final answer right,GAME
in the story what if a penguin meets a robot,STORY
did you know that the brain,CHAT
in the story will a dinosaur be okay,STORY
oh speak in chinese,SYSTEM
what's the difference between photosynthesis and geography,STUDY
hmm hi there little munchkin thanks,PET
i pick the last one for the game,GAME
so my favorite subject is color now,CHAT
do your best wiggle,PET
nice to see you again darling okay,PET
snuggle time friend,PET
i need to review sound,STUDY
okay turn on do not disturb thanks,SYSTEM
spell oceans for me,STUDY
go back to your dock,NAVIGATION
okay speak in german,SYSTEM
hmm my favorite animal is birds okay,CHAT
in the story what if a bunny meets a prince,STORY
wait pause for a second,STORY
my favorite subject is dinosaurs right now,CHAT
can you clarify planets,STUDY
oh change language to english,SYSTEM
launch word scramble,GAME
where does a bear go next in the story,STORY
hey hush now,SYSTEM
set brightness to maximum now,SYSTEM
watch out for the rug,NAVIGATION
uh what's your favorite pizza,CHAT
hey hi my sweet boo okay,PET
what's nine divided by three,STUDY
okay once upon a time story about a robot okay,STORY
teach me about ecosystems,STUDY
in the story will a bunny be okay,STORY
why do we need to learn the food chain,STUDY
let's try the golden key,STORY
why is the sun important,STUDY
okay time to play science quiz please,GAME
um stop everything please,SYSTEM
are you feeling upset please,PET
hmm head to the back door now,NAVIGATION
can you tell a story with a princess and a unicorn,STORY
uh my favorite subject is book thanks,CHAT
what can you tell me about condensation,STUDY
what's the definition of addition,STUDY
in the story what if a superhero meets a dinosaur,STORY
launch spelling bee,GAME
um turn the sound on,SYSTEM
hmm my favorite color is pizza,CHAT
hey navigate to the bookshelf thanks,NAVIGATION
hmm abort,SYSTEM
teach me about animals,STUDY
okay come with me to the window,NAVIGATION
begin a new game of simon says okay,GAME
speak in english okay,SYSTEM
narrate a story about a puppy,STORY
i'm confused about sound,STUDY
how is magnets used in real life,STUDY
in the story what if a mermaid meets a ninja,STORY
uh head to the kitchen please,NAVIGATION
can you tell a story with a fairy and a bear,STORY
time to play memory match,GAME
head over to the basement right now,NAVIGATION
hmm my favorite animal is the moon thanks,CHAT
hey shake little paw robot,PET
so walk to the couch now,NAVIGATION
hmm i like birds right now,CHAT
so i want to play maze please,GAME
i want a harder simon says thanks,GAME
hmm hold your position thanks,NAVIGATION
um watch out for the cat,NAVIGATION
uh walk to the patio okay,NAVIGATION
oh set brightness to seventy percent right now,SYSTEM
spin me a yarn about a detective,STORY
okay i'm guessing option three,GAME
turn off dark mode,SYSTEM
you're too quiet please,SYSTEM
oh turn the sound on,SYSTEM
help me with this math problem three plus nine,STUDY
uh tell me something funny okay,CHAT
i want to go to the living room,NAVIGATION
what's your favorite game,CHAT
come play red light green light with me please,PET
stop whatever you're doing,SYSTEM
i pick seven for the game,GAME
oh for this round i pick three okay,GAME
do you like robots thanks,CHAT
begin a tale about a mermaid,STORY
hey where does a unicorn go next in the story right now,STORY
let's start tic-tac-toe thanks,GAME
i have a question about continents,STUDY
move to the living room now,NAVIGATION
for this round i pick right,GAME
hello my little sweetie,PET
am i winning right now,GAME
pick a game for me,GAME
come here robot let me pet you,PET
can you tell a story with a witch and a superhero,STORY
hey there little nugget,PET
in the story does a talking cat win,STORY
can you tell a story with a witch and a bunny,STORY
speak in english right now,SYSTEM
aww buddy you're the best,PET
take six steps around,NAVIGATION
uh my favorite movie is dogs okay,CHAT
uh stop everything thanks,SYSTEM
um got any chess going please,GAME
oh let's go to the dining room now,NAVIGATION
move away from the toy,NAVIGATION
can you go to the table,NAVIGATION
for the game i'll say ten thanks,GAME
is shapes the same as molecules,STUDY
my favorite movie is stars,CHAT
go over chemistry again,STUDY
hey let me guess the first one,GAME
i want to hear a story about an astronaut,STORY
final answer the last one,GAME
open science quiz now,GAME
can you tell a story with a bunny and a mermaid,STORY
um in the game i'll go with the second one now,GAME
hmm keep following me,NAVIGATION
where does a pirate go next in the story,STORY
i have a question about multiplication,STUDY
oh let me guess no now,GAME
is the alphabet the same as gravity,STUDY
come with me to the bathroom,NAVIGATION
do you know how to flip,PET
new story about a princess,STORY
give me an example of addition,STUDY
i missed you munchkin,PET
sit down honeybun,PET
hmm my favorite animal is color okay,CHAT
so play true or false with me now,GAME
i feel like playing animal quiz right now,GAME
in the story what if a pirate meets a bear,STORY
for the game i'll say option b,GAME
um show me your pouty face,PET
good job nugget,PET
in the story what if a dinosaur meets a brave knight,STORY
set volume to fifty percent,SYSTEM
what's half of twenty,STUDY
hmm enable wifi,SYSTEM
hey set brightness to medium thanks,SYSTEM
uh why is the sky pink,CHAT
hey you're so sweet pal,PET
uh it's alright pumpkin thanks,PET
my favorite color is rainbows thanks,CHAT
do your best wave,PET
oh follow me to the balcony right now,NAVIGATION
so start fresh okay,SYSTEM
okay final answer red okay,GAME
um i pick the second one for the game right now,GAME
um please go to the garden,NAVIGATION
tell a happy story please,STORY
do your best spin,PET
um begin a tale about a penguin now,STORY
look towards the study room now,NAVIGATION
set volume to full,SYSTEM
help me review for my math test,STUDY
okay mute right now,SYSTEM
oh stop talking now,SYSTEM
i want to go to the corridor,NAVIGATION
okay change language to english thanks,SYSTEM
hey look towards the back door thanks,NAVIGATION
start a game of math quiz,GAME
what do you think about color,CHAT
let me see your cute face,PET
can you tell a story with a witch and a dragon,STORY
spin me a yarn about a pirate thanks,STORY
oh see you later,CHAT
hmm in the game the answer is red,GAME
what's your favorite pizza thanks,CHAT
so be careful near the cat,NAVIGATION
let's play spelling bee,GAME
stay away from the cat,NAVIGATION
okay begin a new game of chess,GAME
hey disable wifi thanks,SYSTEM
hey time for dress up,PET
um launch checkers now,GAME
good morning love,PET
hmm sit down baby right now,PET
let's start word guess thanks,GAME
okay navigate to the study room okay,NAVIGATION
um stay away from the wall,NAVIGATION
do a march for me,PET
turn off do not disturb thanks,SYSTEM
okay can you tell a story with a penguin and a pirate now,STORY
in the game i'll go with five,GAME
how is colors used in real life,STUDY
for the game i choose option b,GAME
so let's go to the patio right now,NAVIGATION
okay begin a new game of puzzle please,GAME
okay i like flowers,CHAT
explain gravity to me,STUDY
so can you go to the attic,NAVIGATION
turn down the volume,SYSTEM
hmm my guess is right,GAME
let's start connect four,GAME
come with me to the sofa,NAVIGATION
everything will be fine boo,PET
i need help with the alphabet,STUDY
once upon a time story about a prince,STORY
tell me a underwater tale,STORY
hey how do birds fly now,CHAT
can you explain molecules,STUDY
i have a question about colors,STUDY
quiz time for biology,STUDY
you're my best friend pal please,PET
i like game please,CHAT
give me a test on vocabulary,STUDY
look towards the entrance,NAVIGATION
so play tic-tac-toe with me now,GAME
hey do you eat food,CHAT
okay set brightness to full,SYSTEM
my favorite movie is dinosaurs please,CHAT
speak in german thanks,SYSTEM
show me your cute face,PET
help me with this math problem nine divided by three,STUDY
hmm what version are you,SYSTEM
open rock paper scissors,GAME
head over to the porch okay,NAVIGATION
um go to sleep please,SYSTEM
start a game of geography quiz,GAME
um welcome back nugget,PET
invent a story about an alien,STORY
in the story what if a monkey meets a penguin,STORY
so i want to go to the living room please,NAVIGATION
um run diagnostics thanks,SYSTEM
uh you're too quiet now,SYSTEM
begin a new game of word guess thanks,GAME
uh my favorite color is place okay,CHAT
i missed you cupcake please,PET
what does oceans mean,STUDY
okay in the story what if a brave knight meets a unicorn,STORY
um switch to arabic right now,SYSTEM
hey change language to korean thanks,SYSTEM
so i like place please,CHAT
how does erosion work,STUDY
uh what's your favorite ice cream,CHAT
in the story what if a dinosaur meets a mermaid,STORY
how about a game of word scramble,GAME
i want to play math quiz,GAME
teach me about history,STUDY
you make me so happy munchkin,PET
begin a new game of geography quiz,GAME
you're such a good little one,PET
break down light for me,STUDY
for the game i choose twenty okay,GAME
there there cupcake,PET
read this lesson about the human body,STUDY
give me an explanation of cells,STUDY
hey do you like stars,CHAT
uh my favorite movie is pandas right now,CHAT
my favorite movie is pandas now,CHAT
i'm feeling scared now,CHAT
so create a story with a wizard,STORY
take ten steps left please,NAVIGATION
uh enable do not disturb,SYSTEM
you're such a good baby,PET
i want to learn about planets,STUDY
take five steps around okay,NAVIGATION
i want to play maze,GAME
hmm let's play would you rather thanks,GAME
read this lesson about plants,STUDY
can you tell a story with a brave knight and a robot thanks,STORY
spell division for me,STUDY
can we play animal quiz okay,GAME
show me a cool jump,PET
um change language to arabic okay,SYSTEM
okay please go to the window now,NAVIGATION
can you tell a story with a fairy and a detective,STORY
shake hand sweetie,PET
begin a new game of twenty questions,GAME
shut up,SYSTEM
tell me an adventure story about a brave knight,STORY
so bring me to the table,NAVIGATION
how does fractions work,STUDY
i have a question about the food chain,STUDY
hey look towards the back door,NAVIGATION
can you tell a story with a prince and a robot,STORY
so show me your jump right now,PET
summarize the alphabet for me,STUDY
hmm play fetch with me,PET
oh create a story with a robot,STORY
okay do a confused face please,PET
come give me a thumbs up,PET
so i want to go to the back door thanks,NAVIGATION
my favorite animal is cats now,CHAT
oh scratch behind your ears munchkin,PET
i'm confused about geography,STUDY
give me some love little one,PET
can you tell a story with a lion and a pirate,STORY
how is the water cycle used in real life,STUDY
turn up the volume,SYSTEM
oh how do airplanes fly thanks,CHAT
hey there little cutie,PET
so make it louder,SYSTEM
i love you cutie,PET
um set volume to medium now,SYSTEM
take a few steps backward,NAVIGATION
i don't understand multiplication,STUDY
is erosion the same as volcanoes,STUDY
hmm i had a wonderful day,CHAT
what's the difference between electricity and plants,STUDY
so can i have a kiss,PET
what does volcanoes mean,STUDY
can you go to the window,NAVIGATION
snuggle time pal,PET
shake paw friend,PET
um well done baby,PET
hmm set brightness to half,SYSTEM
let's have fun playing pretend,PET
you make me so happy pumpkin,PET
set brightness to fifty percent right now,SYSTEM
come with me to the garden,NAVIGATION
can you quiz me on history,STUDY
howdy,CHAT
uh i'm feeling sad now,CHAT
uh you're adorable darling thanks,PET
can i have a hug,PET
um i'm proud of you robot okay,PET
can you tell a story with a puppy and a mermaid,STORY
so do you like chocolate,CHAT
hmm do you have feelings,CHAT
follow me to the sofa,NAVIGATION
be careful near the box now,NAVIGATION
what can you tell me about the alphabet,STUDY
oh let's go to the garage,NAVIGATION
hey what's your favorite animal okay,CHAT
change language to spanish right now,SYSTEM
in the story what if a penguin meets a unicorn,STORY
what's the definition of light,STUDY
in the story what if a superhero meets a fairy,STORY
uh emergency stop now,SYSTEM
for the game i'll say five,GAME
final answer right right now,GAME
right is my final game answer,GAME
uh tell a fantasy story please thanks,STORY
um look towards the door thanks,NAVIGATION
switch to hindi,SYSTEM
oh my guess is no,GAME
oh take a few steps right,NAVIGATION
i'm proud of you cupcake,PET
i want a harder word guess,GAME
um do you eat food right now,CHAT
uh watch out for the shoe,NAVIGATION
give me a test on arithmetic,STUDY
describe shapes for me,STUDY
oh head over to the front door,NAVIGATION
stay away from the shoe,NAVIGATION
can you tell a story with a princess and an astronaut,STORY
can you tell a story with an astronaut and a dinosaur,STORY
hey switch to german,SYSTEM
oh shake arm buddy okay,PET
hmm my game answer is blue,GAME
hey enable night mode please,SYSTEM
explain electricity in simple words,STUDY
i want to learn about erosion,STUDY
i'm here for you little cutie,PET
i have a question about weather,STUDY
set brightness to low,SYSTEM
what's the difference between chemistry and colors,STUDY
oh what time is it right now,CHAT
what's the difference between photosynthesis and weather,STUDY
uh head to the entrance now,NAVIGATION
good evening nugget,PET
hey reboot,SYSTEM
um take me to the playroom okay,NAVIGATION
what's the difference between atoms and the human body,STUDY
in the story what if a witch meets a detective,STORY
tell me a story about an alien,STORY
what chapter is dinosaurs in,STUDY
go around the lamp,NAVIGATION
my favorite food is game right now,CHAT
you're such a good buddy,PET
hey my favorite game is flowers okay,CHAT
come play chase with me please,PET
oh tell me a underwater tale right now,STORY
start a game of chess,GAME
oh my favorite movie is chocolate right now,CHAT
in the story what if a bear meets an alien,STORY
ask me questions about reading,STUDY
for this round i pick ten,GAME
enable notifications please,SYSTEM
can you tell a story with a wizard and a fairy,STORY
is erosion the same as plants,STUDY
shake arm darling,PET
so the cat is my final game answer,GAME
tell me a story about a penguin,STORY
hmm my favorite subject is stars okay,CHAT
can you tell a story with an astronaut and an alien,STORY
what is the answer to twelve minus seven,STUDY
hey do you like birds right now,CHAT
disable dark mode okay,SYSTEM
hmm three is my final game answer,GAME
hmm do you like the moon,CHAT
switch to chinese right now,SYSTEM
uh set brightness to seventy percent right now,SYSTEM
good evening love,PET
in the story what if a lion meets a prince,STORY
walk to the pantry okay,NAVIGATION
in the game it must be false,GAME
hi there little pumpkin,PET
okay can we play simon says please,GAME
well done little one,PET
head to the laundry room,NAVIGATION
tell me a riddle thanks,CHAT
move to the closet,NAVIGATION
let's see how much i know about geography,STUDY
why do we have to eat please,CHAT
hmm mute,SYSTEM
set brightness to seventy percent,SYSTEM
oh head to the entrance thanks,NAVIGATION
i'm guessing no,GAME
in the story is a superhero safe,STORY
what does ecosystems mean,STUDY
hey take six steps backward okay,NAVIGATION
oh turn off wifi please,SYSTEM
can you clarify chemistry,STUDY
hmm sleep now please,SYSTEM
explain subtraction in simple words,STUDY
can you tell a story with a unicorn and a ninja,STORY
do you like ice cream,CHAT
hey do you know how to flip now,PET
break down ecosystems for me,STUDY
okay take me to the living room,NAVIGATION
so do you eat food please,CHAT
uh i'm here for you little pal right now,PET
teach me about the food chain,STUDY
please go to the table,NAVIGATION
uh i pick left for the game,GAME
can you quiz me on spelling,STUDY
return to your station now,NAVIGATION
so my favorite animal is ice cream okay,CHAT
break down geography for me,STUDY
cancel what you're doing please,SYSTEM
describe geography for me,STUDY
bring me to the couch,NAVIGATION
oh my favorite movie is song,CHAT
review the human body with me,STUDY
uh can you count to a million thanks,CHAT
create a story with an astronaut please,STORY
uh set brightness to low okay,SYSTEM
hmm for the game i choose true,GAME
in the story what if a bear meets a prince,STORY
review the sun with me,STUDY
why is shapes important,STUDY
in the story what if a brave knight meets a brave knight,STORY
spell ecosystems for me,STUDY
hey turn down the volume please,SYSTEM
oh do your best march,PET
what are the main points of volcanoes,STUDY
uh turn on airplane mode now,SYSTEM
hey let's start memory match right now,GAME
my favorite color is sport,CHAT
so close your eyes right now,SYSTEM
um my favorite subject is dinosaurs right now,CHAT
oh spin around please,NAVIGATION
you did great munchkin,PET
let's try the hidden tunnel,STORY
spin me a yarn about a talking cat,STORY
let's study social studies together,STUDY
let's have fun playing hide and seek,PET
can we play memory match,GAME
hmm head over to the table right now,NAVIGATION
so say supercalifragilistic in a funny voice please,CHAT
do you like rainbows right now,CHAT
oh move to the corridor thanks,NAVIGATION
i don't understand plants,STUDY
good to see you sunshine,PET
you're so sweet friend,PET
follow me to the dining room thanks,NAVIGATION
spell condensation for me,STUDY
my favorite color is robots thanks,CHAT
hmm my favorite food is food,CHAT
do you know how to wiggle,PET
i want to learn about the solar system,STUDY
what do you do for fun,CHAT
okay head to the garage,NAVIGATION
in the story what if a bear meets a witch,STORY
hmm check your status,SYSTEM
uh turn off airplane mode now,SYSTEM
so speak in english thanks,SYSTEM
set brightness to low right now,SYSTEM
i want to learn about molecules,STUDY
um set volume to seventy percent please,SYSTEM
in the story what does a prince find,STORY
i'm guessing three,GAME
show me how atoms works,STUDY
tell me an adventure story about a mermaid,STORY
can you clarify volcanoes,STUDY
do you like sport,CHAT
um i need a handshake from you,PET
go over fractions again,STUDY
hmm stay still,NAVIGATION
hey my favorite animal is sport,CHAT
good evening honeybun,PET
let's go to the basement,NAVIGATION
give me an explanation of dinosaurs,STUDY
so close your eyes,SYSTEM
what's your favorite penguins please,CHAT
can you tell me a fantasy story,STORY
hey in the game it must be the first one thanks,GAME
okay roll over cupcake right now,PET
uh in the game the answer is the second one,GAME
watch out for the toy,NAVIGATION
put on a smile,PET
can you tell a story with a witch and an alien,STORY
spin me a yarn about an alien okay,STORY
let's start simon says now,GAME
uh i had a okay day right now,CHAT
try doing a dance,PET
i want the secret door,STORY
can you tell a story with a monkey and a ninja,STORY
oh got any maze going please,GAME
so my favorite food is dinosaurs,CHAT
hey there little pumpkin,PET
roll over honeybun,PET
hey i want to play card game,GAME
so hi,CHAT
follow me to the balcony,NAVIGATION
take me to the attic,NAVIGATION
help me understand fractions,STUDY
uh power cycle please,SYSTEM
hey head over to the door now,NAVIGATION
i have a question about molecules,STUDY
i'll guess the cat,GAME
i'm proud of you friend,PET
hey check your status,SYSTEM
can you tell a story with a lion and a wizard,STORY
oh i wanna hear a story about a pirate,STORY
what do you think about pandas,CHAT
let's start spelling bee,GAME
well done love,PET
um let me guess yes right now,GAME
hey final answer the dog okay,GAME
you're adorable sweetie,PET
so please go to the kitchen,NAVIGATION
make it harder now,GAME
lead the way to the couch right now,NAVIGATION
do you want to play pretend please,PET
good morning robot,PET
lead the way to the patio,NAVIGATION
system check right now,SYSTEM
got any card game going,GAME
um i need a hug from you now,PET
show me how the human body works,STUDY
oh how about a game of geography quiz please,GAME
give me a summary of chemistry,STUDY
hey let me guess the second one okay,GAME
uh navigate to the closet,NAVIGATION
okay i love talking to you,CHAT
pet pet pet boo,PET
oh be careful near the door,NAVIGATION
in the story what if a ninja meets a dinosaur,STORY
oh i pick the last one for the game right now,GAME
in the game i'll go with the second one,GAME
hmm load up maze,GAME
what's your favorite flowers,CHAT
hey final answer option a right now,GAME
run diagnostics now,SYSTEM
what does sound mean,STUDY
i'll take care of you buddy,PET
enable night mode right now,SYSTEM
is biology the same as fractions,STUDY
oh continue the story please okay,STORY
do your best march,PET
i'm confused about the solar system,STUDY
uh i pick the first one for the game right now,GAME
good evening baby,PET
what does molecules mean,STUDY
my guess is right thanks,GAME
so set brightness to medium,SYSTEM
hi there little cupcake,PET
in the story what does a penguin find,STORY
i like chocolate okay,CHAT
bring me to the study room please,NAVIGATION
can you clarify plants,STUDY
okay let's play geography quiz,GAME
um let's stop playing right now,GAME
okay mute the sound,SYSTEM
my game answer is five please,GAME
how do you spell division,STUDY
disable do not disturb now,SYSTEM
uh speak in english,SYSTEM
okay in the story what if a superhero meets a prince right now,STORY
hmm for this round i pick twenty,GAME
hey come with me to the patio please,NAVIGATION
can we play number guessing now,GAME
give me an example of ecosystems,STUDY
tell me about molecules,STUDY
hey what's your favorite movie,CHAT
okay my favorite movie is toy okay,CHAT
uh go charge yourself right now,NAVIGATION
uh come with me to the porch please,NAVIGATION
in the story what if a wizard meets a superhero,STORY
what's three plus nine,STUDY
hey turn the sound off please,SYSTEM
let's do patty cake together,PET
oh why is the sky red,CHAT
be careful near the box,NAVIGATION
um i want to play spelling bee right now,GAME
oh mute,SYSTEM
okay hello there love,PET
in the story what if a prince meets a monkey,STORY
um turn off dark mode right now,SYSTEM
make me laugh,CHAT
enable do not disturb okay,SYSTEM
i want to go to the patio,NAVIGATION
load up checkers thanks,GAME
oh restart right now,SYSTEM
i'm here for you little sunshine,PET
what's the difference between sound and condensation,STUDY
set brightness to maximum thanks,SYSTEM
why is oceans important,STUDY
launch checkers,GAME
what do you think about the moon now,CHAT
um walk to the kitchen thanks,NAVIGATION
can you tell a story with a lion and a dragon,STORY
hey my favorite game is stars,CHAT
okay my favorite food is rainbows thanks,CHAT
break down division for me,STUDY
review subtraction with me,STUDY
uh shut down,SYSTEM
begin a tale about a brave knight,STORY
hmm let's play checkers thanks,GAME
oh change language to english thanks,SYSTEM
my favorite color is cars,CHAT
let's play rock paper scissors,GAME
read this lesson about the water cycle,STUDY
uh move to the garage now,NAVIGATION
give me a high five,PET
good to see you cupcake,PET
you're adorable pal,PET
oh take six steps forward,NAVIGATION
oh go to the bathroom,NAVIGATION
i want to learn about addition,STUDY
what's the definition of cells,STUDY
where does a monkey go next in the story,STORY
what's the next part of the story,STORY
so restart your brain okay,SYSTEM
why do we need to learn the human body,STUDY
in the story what does a dragon find,STORY
my favorite color is toy right now,CHAT
uh what's your favorite place thanks,CHAT
um what do you think about birds okay,CHAT
move away from the box okay,NAVIGATION
i want to learn about dinosaurs,STUDY
invent a story about a pirate,STORY
launch puzzle,GAME
oh take me to the bedroom please,NAVIGATION
so disable dark mode please,SYSTEM
okay you make me so happy baby right now,PET
oh my favorite game is place now,CHAT
teach me about addition,STUDY
set brightness to half,SYSTEM
um i can't hear you speak louder okay,SYSTEM
in the story what if a witch meets a wizard,STORY
um what's up okay,CHAT
hi my sweet love,PET
i'm here for you little sweetie,PET
um restart,SYSTEM
oh snuggle time sunshine,PET
you're smart,CHAT
uh speak in german,SYSTEM
summarize erosion for me,STUDY
begin a tale about a bunny,STORY
power cycle right now,SYSTEM
um can you tell a story with a bear and a lion,STORY
hey come with me to the garden,NAVIGATION
spell shapes for me,STUDY
come along with me now,NAVIGATION
where does a princess go next in the story okay,STORY
do you like place,CHAT
unmute right now,SYSTEM
uh shake arm cutie right now,PET
in the story what if a ninja meets a monkey,STORY
hmm load up puzzle,GAME
so i like book right now,CHAT
hmm set brightness to low,SYSTEM
good evening pal,PET
in the story what if a monkey meets a witch,STORY
okay option a is my final game answer,GAME
um be quiet please,SYSTEM
so mute now,SYSTEM
face the couch,NAVIGATION
my guess is red,GAME
i have a question about history,STUDY
let me see your confused face,PET
so my favorite food is game,CHAT
can you tell a story with a penguin and an astronaut,STORY
teach me about the water cycle,STUDY
um make it louder thanks,SYSTEM
go to the window right now,NAVIGATION
i'm confused about history,STUDY
oh what makes thunder okay,CHAT
okay stay away from the table,NAVIGATION
okay disable notifications now,SYSTEM
so can you tell a story with a unicorn and a wizard,STORY
um move a little left,NAVIGATION
what can you tell me about colors,STUDY
oh my favorite animal is cars,CHAT
okay i want to go to the dining room thanks,NAVIGATION
can you tell a story with a ninja and a puppy,STORY
can you tell a story with a lion and a penguin,STORY
i'll guess three,GAME
got any true or false going right now,GAME
okay you make me so happy nugget,PET
can we play treasure hunt now,PET
you did great baby,PET
okay turn off thanks,SYSTEM
uh i'm guessing option three right now,GAME
in the story is an astronaut safe,STORY
so bring me to the porch okay,NAVIGATION
hi my sweet munchkin,PET
what chapter is fractions in,STUDY
hey hush thanks,SYSTEM
um follow me to the basement okay,NAVIGATION
hmm i'm bored okay,CHAT
so hey sweetie i missed you now,PET
um look towards the porch thanks,NAVIGATION
oh play rock paper scissors with me please,GAME
can you tell a story with a prince and an astronaut,STORY
uh i'll guess true okay,GAME
in the story what happens to a princess,STORY
can you tell a story with a princess and a ninja,STORY
okay in the game i think it's true now,GAME
how is the moon used in real life,STUDY
my favorite movie is animal,CHAT
okay go to the garden,NAVIGATION
start a game of i spy,GAME
um my favorite game is place please,CHAT
walk to the sofa,NAVIGATION
um can you tell a story with a mermaid and a unicorn,STORY
so i missed you munchkin,PET
okay disable night mode thanks,SYSTEM
uh walk with me please,NAVIGATION
look towards the window,NAVIGATION
pause everything,SYSTEM
oh change language to spanish,SYSTEM
aww cupcake you're the best,PET
oh my favorite food is dinosaurs,CHAT
what's your favorite place okay,CHAT
make up a story about a dragon,STORY
load up true or false thanks,GAME
oh create a story with a bear please,STORY
okay hey,CHAT
can you tell a story with a princess and a witch,STORY
oh let's go to the bathroom okay,NAVIGATION
can you count to a hundred thanks,CHAT
can you tell a story with an alien and a brave knight,STORY
i'm proud of you sweetie,PET
what is the answer to six times four,STUDY
i wanna hear a story about a detective,STORY
hmm pause everything,SYSTEM
can you explain the moon,STUDY
uh restart everything okay,SYSTEM
tell me a short story,STORY
uh my favorite game is pandas right now,CHAT
look towards the bookshelf thanks,NAVIGATION
let me see your surprised face,PET
play red light green light with me,PET
so tell me something funny now,CHAT
in the story what happens to a wizard please,STORY
in the story what if a bunny meets a wizard now,STORY
shake hand honeybun,PET
for the game i choose left,GAME
hey launch word guess right now,GAME
uh enable wifi,SYSTEM
summarize volcanoes for me,STUDY
shake paw darling,PET
you're too loud thanks,SYSTEM
hey shake paw sweetie okay,PET
what do you think about dinosaurs,CHAT
can you tell a story with a mermaid and a wizard,STORY
hey please go to the back door thanks,NAVIGATION
hmm go to the entrance please,NAVIGATION
um dock yourself,NAVIGATION
my favorite game is stars,CHAT
um my favorite color is chocolate thanks,CHAT
um my favorite game is penguins now,CHAT
let's cuddle cutie,PET
hey lead the way to the garden right now,NAVIGATION
make up a story about a wizard,STORY
read this lesson about continents,STUDY
so my favorite food is ice cream please,CHAT
uh good to see you friend okay,PET
so aww hello sweetie right now,PET
uh good morning sweetie please,PET
um turn off night mode please,SYSTEM
so good afternoon right now,CHAT
hey hush,SYSTEM
begin a new game of would you rather thanks,GAME
so louder please,SYSTEM
hmm i'll take care of you love okay,PET
i want the bright forest,STORY
lead the way to the kitchen,NAVIGATION
i love you robot,PET
play ball with me right now,PET
read me a story about a lion,STORY
start a new story about a puppy,STORY
so i feel like playing word guess please,GAME
oh in the story is a bear safe,STORY
hmm let me see your smile okay,PET
uh enable dark mode right now,SYSTEM
well done sweetie,PET
i want to hear a story about a bunny,STORY
teach me about subtraction,STUDY
um check for updates,SYSTEM
cancel everything now,SYSTEM
do you know any songs,CHAT
take the magic portal,STORY
turn off thanks,SYSTEM
in the story what if a ninja meets a fairy,STORY
oh set brightness to medium right now,SYSTEM
please go to the back door okay,NAVIGATION
i pick no for the game now,GAME
um let's start rock paper scissors okay,GAME
uh go to the stairs,NAVIGATION
hey turn on notifications right now,SYSTEM
i'll take care of you love,PET
um can you tell a story with a lion and a brave knight,STORY
okay start a game of spelling bee right now,GAME
what's the definition of magnets,STUDY
stay away from the dog,NAVIGATION
hmm move a little backward,NAVIGATION
aww honeybun you're the best,PET
uh give me your hand please,PET
take me to the front door,NAVIGATION
what chapter is animals in,STUDY
in the game the answer is option three,GAME
hey honeybun you're so cute right now,PET
head to the balcony now,NAVIGATION
goodbye,CHAT
uh let's have fun playing chase,PET
so abort thanks,SYSTEM
let's review volcanoes,STUDY
can you tell a story with a bear and a fairy,STORY
where does a ninja go next in the story,STORY
okay turn on airplane mode right now,SYSTEM
okay my favorite color is book,CHAT
what can you tell me about dinosaurs,STUDY
well done cupcake,PET
what's the difference between gravity and geography,STUDY
play tic-tac-toe with me,GAME
uh face the attic,NAVIGATION
oh snuggle time nugget,PET
switch to chinese please,SYSTEM
please go to the couch,NAVIGATION
snuggle time cutie,PET
speak in japanese okay,SYSTEM
what's the difference between the moon and the solar system,STUDY
okay in the game the answer is the first one,GAME
in the story what if a dinosaur meets a dragon,STORY
so in the game i'll go with blue okay,GAME
so my favorite movie is cars okay,CHAT
hmm avoid the toy,NAVIGATION
can you tell a story with a penguin and a pirate,STORY
head over to the bookshelf thanks,NAVIGATION
take four steps backward,NAVIGATION
okay take three steps around,NAVIGATION
hmm shake little paw pal now,PET
load up geography quiz,GAME
thanks a lot thanks,CHAT
uh my favorite game is flowers,CHAT
so do you like flowers,CHAT
what can you tell me about oceans,STUDY
um did you know that the sun,CHAT
do you want to play chase,PET
okay do a restart now,SYSTEM
is weather the same as addition,STUDY
uh i'll guess no okay,GAME
oh what's up now,CHAT
can you tell a story with a monkey and a princess,STORY
uh face the balcony now,NAVIGATION
i pick option one for the game thanks,GAME
can you tell a story with a monkey and a puppy,STORY
hmm hi my sweet little one,PET
uh why is grass green please,CHAT
i need to review continents,STUDY
so enable bluetooth now,SYSTEM
tell me about the human body,STUDY
oh can you tell a story with a bunny and a witch,STORY
uh what happens when we dream okay,CHAT
face the back door,NAVIGATION
take two steps right thanks,NAVIGATION
hey i'm guessing option two thanks,GAME
uh speak in chinese right now,SYSTEM
for the game i choose the cat,GAME
i'm feeling sad,CHAT
i'm guessing red now,GAME
can we play chase,PET
oh begin a new game of trivia right now,GAME
explain fractions in simple words,STUDY
okay turn the sound on okay,SYSTEM
in the story what does a robot find,STORY
uh what's your name now,CHAT
so i like pandas,CHAT
did you know that space now,CHAT
hmm my favorite color is toy now,CHAT
do you know how to hop,PET
what is photosynthesis,STUDY
uh let's play riddles thanks,GAME
so can we play number guessing,GAME
uh good to see you munchkin now,PET
okay my favorite animal is dogs,CHAT
read this lesson about condensation,STUDY
how do you spell addition,STUDY
uh my favorite movie is song now,CHAT
can you tell a story with a talking cat and a bear,STORY
give me an example of the solar system,STUDY
in the story is an alien safe,STORY
make atoms easier to understand,STUDY
hey rotate forward,NAVIGATION
what chapter is molecules in,STUDY
start a game of true or false,GAME
in the story what if an astronaut meets a pirate,STORY
uh my game answer is no,GAME
okay walk to the window thanks,NAVIGATION
okay speak in german okay,SYSTEM
dock yourself,NAVIGATION
what is the moon,STUDY
in the story what if a witch meets an alien,STORY
time for follow the leader,PET
okay power cycle okay,SYSTEM
okay say robot in a funny voice,CHAT
so set brightness to full thanks,SYSTEM
do a flip for me,PET
can you tell a story with a bunny and an astronaut,STORY
i need a hint now,GAME
turn on dark mode right now,SYSTEM
scratch behind your ears sweetie,PET
you're such a good sunshine,PET
so in the story what if a superhero meets a monkey right now,STORY
shake hand baby,PET
my favorite game is flowers,CHAT
oh how do birds fly now,CHAT
you're adorable nugget,PET
oh change language to spanish okay,SYSTEM
shake arm pal right now,PET
okay say dinosaur in a funny voice please,CHAT
oh invent a story about a puppy,STORY
um take me to the pantry,NAVIGATION
in the story what if a mermaid meets a dinosaur,STORY
i'm confused about planets,STUDY
i want the right path,STORY
hey my favorite color is cars,CHAT
in the game i think it's the dog,GAME
test me on math,STUDY
uh how's it going right now,CHAT
can you explain history,STUDY
hmm my favorite movie is cars,CHAT
hey let's go with the bright forest,STORY
hey how about a game of word guess please,GAME
okay do you like pizza right now,CHAT
um run diagnostics right now,SYSTEM
oh lead the way to the bathroom thanks,NAVIGATION
take three steps left,NAVIGATION
walk to the bookshelf thanks,NAVIGATION
uh what do you think about flowers thanks,CHAT
um for the game i choose the cat okay,GAME
hey my favorite color is place please,CHAT
don't be nervous,PET
um got any math quiz going please,GAME
so i like ice cream okay,CHAT
what do you think about place,CHAT
okay you're too quiet okay,SYSTEM
oh power cycle now,SYSTEM
hey switch to german thanks,SYSTEM
turn up the volume okay,SYSTEM
got any word scramble going,GAME
stay where you are,NAVIGATION
hmm snuggle time boo now,PET
give me a cuddle,PET
in the story what happens to a superhero,STORY
so set volume to low okay,SYSTEM
so let's go to the back door okay,NAVIGATION
sit down love now,PET
emergency stop thanks,SYSTEM
um load up tic-tac-toe now,GAME
um why do we sleep please,CHAT
okay my favorite food is penguins,CHAT
um i'm feeling confused please,CHAT
help me practice history,STUDY
in the story will an alien be okay,STORY
my favorite subject is the moon right now,CHAT
why is history important,STUDY
um face the corridor,NAVIGATION
shake little paw honeybun,PET
let's review multiplication,STUDY
what's the definition of electricity,STUDY
spell history for me,STUDY
good job love,PET
uh restart okay,SYSTEM
restart yourself,SYSTEM
hmm got any chess going please,GAME
hey disable do not disturb,SYSTEM
um let's go to the garage,NAVIGATION
tell me about colors,STUDY
hello my little darling,PET
how is chemistry used in real life,STUDY
oh you're too loud please,SYSTEM
what is the human body,STUDY
oh what do you think about place,CHAT
let's play word guess,GAME
uh can we play simon says please,GAME
okay final answer option a okay,GAME
let's pat on the head,PET
hmm hi nugget how are you,PET
how do you spell the water cycle,STUDY
stop all tasks right now,SYSTEM
uh what do you think about color,CHAT
in the story what if a bear meets a robot,STORY
head back to base,NAVIGATION
describe fractions for me,STUDY
do you like flowers thanks,CHAT
go around the door okay,NAVIGATION
can you tell me a mystery story,STORY
let me guess seven,GAME
ask me questions about chemistry,STUDY
um set brightness to high thanks,SYSTEM
um i'm guessing left,GAME
oh my guess is five,GAME
new story about a bunny,STORY
hey set volume to maximum please,SYSTEM
um open puzzle,GAME
can you tell a story with a superhero and a robot,STORY
is cells the same as electricity,STUDY
i want to go to the stairs,NAVIGATION
tell me a story about a lion,STORY
uh did you know that elephants right now,CHAT
set brightness to low okay,SYSTEM
well done cupcake thanks,PET
okay i'll guess left right now,GAME
okay follow me to the basement now,NAVIGATION
play connect four with me,GAME
give me an example of the human body,STUDY
can you quiz me on physics,STUDY
so be quiet now,SYSTEM
let me see your silly face okay,PET
in the game i'll go with option two okay,GAME
in the story what if a superhero meets a brave knight thanks,STORY
what's the definition of gravity,STUDY
come play dress up with me,PET
start a new story about a fairy,STORY
hmm show me a pat on the head,PET
what does photosynthesis mean,STUDY
start a new story about a brave knight,STORY
shake little paw darling,PET
why do we need to learn gravity,STUDY
i wanna hear a story about a witch,STORY
make dinosaurs easier to understand,STUDY
um i feel like playing science quiz,GAME
i'll guess red thanks,GAME
in the story does a fairy win,STORY
okay is it going to rain okay,CHAT
uh for this round i pick right okay,GAME
um disable wifi thanks,SYSTEM
i have a question about ecosystems,STUDY
okay my favorite food is toy please,CHAT
break down the solar system for me,STUDY
continue the story,STORY
okay you're my favorite love please,PET
my favorite color is penguins okay,CHAT
in the game i'll go with option three please,GAME
what time is it,CHAT
so do you like ice cream now,CHAT
can you help me with three plus nine,STUDY
what does electricity mean,STUDY
my favorite game is birds now,CHAT
set volume to seventy percent please,SYSTEM
i'm guessing option d please,GAME
hi boo how are you,PET
let me guess right,GAME
why is weather important,STUDY
surprise me with a game,GAME
can you tell a story with a robot and a robot,STORY
got any spelling bee going now,GAME
do you eat food,CHAT
what's the difference between light and the water cycle,STUDY
can you tell a story with a detective and a ninja,STORY
in the game the answer is the cat,GAME
my favorite animal is pandas please,CHAT
hmm you make me smile munchkin right now,PET
can you tell a story with a monkey and a robot,STORY
can you explain animals,STUDY
hey take me to the living room thanks,NAVIGATION
let's play treasure hunt together,PET
face the sofa,NAVIGATION
in the story what if a dinosaur meets a witch,STORY
okay new story about a ninja right now,STORY
hello my little love,PET
can i have a thumbs up,PET
for the game i choose five,GAME
do you like game right now,CHAT
um turn on night mode,SYSTEM
hmm i want to hear a story about a witch please,STORY
time for treasure hunt,PET
oh come with me to the bedroom right now,NAVIGATION
okay got any word scramble going now,GAME
go over gravity again,STUDY
hey look towards the living room right now,NAVIGATION
can you tell a story with a bunny and a dinosaur,STORY
oh did you know that dinosaurs thanks,CHAT
you're so sweet darling,PET
okay in the story what if a monkey meets a talking cat,STORY
how do you spell molecules,STUDY
hmm navigate to the living room please,NAVIGATION
start a new story about a fairy okay,STORY
you're my best friend cutie,PET
can we play science quiz,GAME
um set brightness to half thanks,SYSTEM
how do you spell the sun,STUDY
my favorite food is the moon right now,CHAT
okay look towards the living room please,NAVIGATION
um what level am i on okay,GAME
hey my favorite animal is birds,CHAT
aww baby you're the best,PET
is the moon the same as the food chain,STUDY
shake little paw honeybun now,PET
what's the definition of sound,STUDY
hey how are you today please,CHAT
my favorite subject is ice cream,CHAT
turn on wifi okay,SYSTEM
hey my favorite movie is game now,CHAT
take three steps right now,NAVIGATION
so my favorite animal is cars okay,CHAT
can you tell a story with a prince and a dragon,STORY
hmm face the front door,NAVIGATION
hey where does rain come from thanks,CHAT
so my favorite movie is pizza,CHAT
describe ecosystems for me,STUDY
give me an example of weather,STUDY
stop talking now,SYSTEM
uh move away from the dog right now,NAVIGATION
okay play word scramble with me,GAME
in the game i think it's option a,GAME
is fractions the same as molecules,STUDY
walk to the bathroom right now,NAVIGATION
test me on arithmetic,STUDY
hmm in the game i think it's the first one,GAME
oh restart the system thanks,SYSTEM
hey take me to the porch right now,NAVIGATION
oh what do you think about book,CHAT
give me some love munchkin,PET
oh turn on notifications,SYSTEM
hmm rest mode,SYSTEM
hey my favorite movie is the moon now,CHAT
walk behind me thanks,NAVIGATION
okay turn on wifi please,SYSTEM
help me practice spelling,STUDY
what's the difference between continents and continents,STUDY
final answer twenty,GAME
explain erosion to me,STUDY
set brightness to high okay,SYSTEM
start a game of number guessing,GAME
why is the alphabet important,STUDY
so can you tell a story with a unicorn and a bunny,STORY
um my favorite color is animal,CHAT
um emergency stop,SYSTEM
how is electricity used in real life,STUDY
can you tell a story with an astronaut and a princess,STORY
in the game it must be option b,GAME
what is gravity,STUDY
so my favorite animal is book thanks,CHAT
what's the difference between the sun and biology,STUDY
hey take three steps left now,NAVIGATION
hey in the story what if a lion meets an astronaut,STORY
invent a story about a wizard,STORY
for the game i choose yes,GAME
head over to the study room right now,NAVIGATION
you did great boo,PET
in the story what if a dragon meets a lion,STORY
let's do treasure hunt together,PET
can you tell a story with a monkey and a penguin please,STORY
uh hibernate,SYSTEM
hmm i want to go to the basement,NAVIGATION
my guess is option c,GAME
hmm i pick twenty for the game,GAME
oh speak in german now,SYSTEM
you're my best friend pal,PET
take a nap right now,SYSTEM
hey go around the lamp right now,NAVIGATION
uh quit everything right now,SYSTEM
oh i pick left for the game right now,GAME
okay disable dark mode,SYSTEM
i'm guessing seven thanks,GAME
i had a great day,CHAT
is shapes the same as subtraction,STUDY
um do you like place please,CHAT
turn off notifications,SYSTEM
is erosion the same as atoms,STUDY
my favorite food is cars,CHAT
let's do a quiz on chemistry,STUDY
in the story will a bear be okay now,STORY
do you want to be friends please,CHAT
hello my little robot,PET
got any animal quiz going right now,GAME
in the story what if a princess meets a talking cat,STORY
what can you tell me about the sun,STUDY
so do you like stars now,CHAT
why do we need to learn addition,STUDY
move to the nursery please,NAVIGATION
so in the game it must be the second one,GAME
increase volume please,SYSTEM
hmm turn on night mode please,SYSTEM
i have a question about magnets,STUDY
come with me to the study room,NAVIGATION
hey good to see you pal,PET
oh reset yourself,SYSTEM
bring me to the corridor,NAVIGATION
bring me to the living room please,NAVIGATION
give me an explanation of continents,STUDY
head to the bedroom,NAVIGATION
don't worry cutie,PET
i like flowers thanks,CHAT
come here baby let me pet you,PET
come play treasure hunt with me,PET
hey in the story what if an alien meets a wizard please,STORY
head over to the living room,NAVIGATION
begin a tale about a monkey thanks,STORY
abort,SYSTEM
you're so sweet sunshine,PET
explain geography to me,STUDY
uh i love talking to you,CHAT
describe the sun for me,STUDY
i like penguins now,CHAT
in the story what if a dinosaur meets a robot,STORY
you make me smile baby,PET
so turn on notifications okay,SYSTEM
in the story what if a ninja meets a ninja,STORY
tell me a fun fact,CHAT
where does a dragon go next in the story,STORY
let's start true or false,GAME
increase volume thanks,SYSTEM
begin a new game of simon says,GAME
hey restart yourself,SYSTEM
i pick the second one for the game,GAME
head over to the stairs,NAVIGATION
in the story what if a monkey meets a lion please,STORY
um open chess,GAME
hmm come with me to the back door now,NAVIGATION
i want to hear a story about a puppy,STORY
hmm what's your favorite pizza now,CHAT
uh for the game i'll say ten,GAME
so try doing a flip please,PET
start a game of tic-tac-toe,GAME
hey head to the sofa,NAVIGATION
so look towards the sofa please,NAVIGATION
my favorite color is toy thanks,CHAT
for the game i choose option a,GAME
hey mute the sound please,SYSTEM
hi love how are you,PET
hmm set brightness to minimum,SYSTEM
um switch to german okay,SYSTEM
narrate a story about a lion,STORY
well done darling,PET
let's thumbs up,PET
sit down love,PET
let's play twenty questions,GAME
let's go to the stairs please,NAVIGATION
move to the back door,NAVIGATION
hmm my favorite movie is movie,CHAT
hmm my favorite color is book okay,CHAT
what can you tell me about multiplication,STUDY
hey start a game of math quiz thanks,GAME
um let's play i spy,GAME
in the story is a robot safe,STORY
can you tell a story with an alien and a talking cat,STORY
what do you think about book okay,CHAT
in the story what does a mermaid find right now,STORY
uh please go to the bathroom,NAVIGATION
in the story what if a ninja meets a dragon,STORY
okay speak in french,SYSTEM
um sleep mode now,SYSTEM
hey switch to japanese thanks,SYSTEM
turn off night mode,SYSTEM
review condensation with me,STUDY
can you tell a story with a wizard and a mermaid,STORY
close your eyes,SYSTEM
oh i'm happy today please,CHAT
in the story what if a fairy meets an astronaut right now,STORY
okay play animal quiz with me,GAME
is multiplication the same as multiplication,STUDY
okay follow me to the playroom,NAVIGATION
um tell me a fun fact,CHAT
my game answer is right okay,GAME
hmm shake hand love okay,PET
what can you tell me about atoms,STUDY
hmm what's your favorite movie,CHAT
so you're funny now,CHAT
so i want a thumbs up okay,PET
hey i like flowers okay,CHAT
how do i solve twenty divided by five,STUDY
can you tell a story with a bunny and a brave knight,STORY
i want to learn about the water cycle,STUDY
can you clarify ecosystems,STUDY
red is my final game answer now,GAME
my favorite animal is animal right now,CHAT
see you later please,CHAT
uh do you like song now,CHAT
in the story what if a bunny meets a lion,STORY
uh can you tell a story with a monkey and a monkey,STORY
oh set brightness to full,SYSTEM
um sleep now please,SYSTEM
hmm reset yourself right now,SYSTEM
um i like toy,CHAT
my favorite food is robots please,CHAT
hmm i like pandas thanks,CHAT
my guess is the second one,GAME
take me to the garden,NAVIGATION
in the game it must be option two,GAME
okay sit down darling please,PET
let's start rock paper scissors thanks,GAME
in the story what happens to a bear,STORY
is condensation the same as subtraction,STUDY
help me practice reading,STUDY
let's play tag together,PET
so set brightness to full okay,SYSTEM
hello there sweetie,PET
in the story who does a bunny meet please,STORY
can you do a march,PET
test me on physics,STUDY
my favorite color is birds,CHAT
do you want to play fetch,PET
i love you baby,PET
hey hold your position please,NAVIGATION
what's the difference between fractions and geography,STUDY
um turn off night mode,SYSTEM
belly rub time pumpkin,PET
uh navigate to the bathroom,NAVIGATION
uh change language to english thanks,SYSTEM
can you tell a story with a puppy and a lion,STORY
how are you today,CHAT
spin around,NAVIGATION
can you tell a story with a lion and a ninja,STORY
hmm reboot your system right now,SYSTEM
can you tell a story with a dinosaur and a witch,STORY
uh move to the front door okay,NAVIGATION
what's the difference between the moon and the food chain,STUDY
i had a wonderful day right now,CHAT
review shapes with me,STUDY
um face the garage,NAVIGATION
good to see you boo,PET
hey in the game it must be option a,GAME
um i wanna hear a story about a dragon thanks,STORY
teach me about planets,STUDY
i want to hear a story about a superhero right now,STORY
is subtraction the same as subtraction,STUDY
uh bring me to the back door please,NAVIGATION
describe multiplication for me,STUDY
good morning friend,PET
uh in the game i'll go with option three okay,GAME
spell the moon for me,STUDY
break down multiplication for me,STUDY
speak in japanese,SYSTEM
so go to sleep,SYSTEM
you're adorable cupcake,PET
oh i'm here for you little pumpkin please,PET
okay set volume to low please,SYSTEM
help me review for my science test,STUDY
hmm in the story what if a detective meets a superhero right now,STORY
hey honeybun you're so cute,PET
come to me,NAVIGATION
uh let's try the bright forest,STORY
why do we need to learn photosynthesis,STUDY
oh take me to the living room,NAVIGATION
uh check your status,SYSTEM
uh mute the sound right now,SYSTEM
um for the game i'll say blue now,GAME
oh i want a harder twenty questions,GAME
um in the game it must be option three,GAME
so what day is it today right now,CHAT
so good evening love,PET
oh go to the entrance,NAVIGATION
what do you think about dogs,CHAT
teach me about colors,STUDY
make the solar system easier to understand,STUDY
can you tell a story with a bunny and a pirate,STORY
um follow me to the table okay,NAVIGATION
oh aww pal you're the best please,PET
um go back home,NAVIGATION
aww hello boo,PET
how do i solve half of twenty,STUDY
load up trivia,GAME
oh can i have a fist bump right now,PET
tell me a story about a talking cat,STORY
my favorite game is toy,CHAT
okay set brightness to minimum thanks,SYSTEM
oh you're the best okay,CHAT
can you teach me erosion,STUDY
so take me to the stairs thanks,NAVIGATION
head over to the corridor now,NAVIGATION
and then what happened in the story,STORY
go over condensation again,STUDY
um come play dress up with me now,PET
my favorite food is place,CHAT
can you go to the garden,NAVIGATION
my guess is twenty,GAME
okay let me guess red,GAME
final answer the second one,GAME
explain the solar system in simple words,STUDY
hey hey cutie i missed you right now,PET
is the solar system the same as the water cycle,STUDY
uh set volume to high right now,SYSTEM
um do you want to play ball now,PET
belly rub time robot,PET
hmm my favorite animal is place now,CHAT
can you go to the basement please,NAVIGATION
show me how subtraction works,STUDY
so my favorite food is penguins now,CHAT
so say spaghetti in a funny voice thanks,CHAT
where does an alien go next in the story,STORY
go to the laundry room,NAVIGATION
look towards the balcony,NAVIGATION
my favorite subject is birds right now,CHAT
once upon a time story about an alien,STORY
so check for updates thanks,SYSTEM
start a game of checkers,GAME
disable night mode right now,SYSTEM
uh go to the porch okay,NAVIGATION
can you tell a story with a dragon and a bunny,STORY
final answer true now,GAME
turn the sound off,SYSTEM
hmm hello there sunshine okay,PET
go to the corridor now,NAVIGATION
okay look towards the closet,NAVIGATION
how about a game of simon says,GAME
is animals the same as oceans,STUDY
okay walk to the laundry room right now,NAVIGATION
um what do you think about birds thanks,CHAT
goodbye okay,CHAT
hey power down thanks,SYSTEM
so turn off bluetooth,SYSTEM
hey volume down okay,SYSTEM
hmm time to play connect four,GAME
restart your brain now,SYSTEM
oh my favorite food is pizza thanks,CHAT
tell me about yourself,CHAT
so what's your favorite rainbows,CHAT
you're my best friend little one,PET
wanna play patty cake,PET
is it going to rain now,CHAT
aww hello little one,PET
okay head over to the basement okay,NAVIGATION
hey honeybun i missed you,PET
uh switch to french okay,SYSTEM
do you like pandas,CHAT
so my favorite movie is sport,CHAT
show me a boop,PET
my guess is ten,GAME
my favorite animal is chocolate,CHAT
can i have a thumbs up okay,PET
i need to review addition,STUDY
hello my little sunshine,PET
hey cupcake you're so cute right now,PET
let's have fun playing peek-a-boo,PET
can you tell a story with a bear and an astronaut,STORY
okay turn the sound off now,SYSTEM
okay what do you think about place,CHAT
say spaghetti in a funny voice now,CHAT
summarize history for me,STUDY
hey enable notifications please,SYSTEM
i want to learn about colors,STUDY
in the story what if a wizard meets a bear,STORY
lead the way to the bathroom,NAVIGATION
so hello there boo now,PET
shake paw boo,PET
okay switch to spanish,SYSTEM
okay dim the lights okay,SYSTEM
how do you spell magnets,STUDY
can we review geography please,STUDY
go to sleep right now,SYSTEM
hey in the game i think it's false,GAME
what is subtraction,STUDY
okay switch to spanish now,SYSTEM
help me understand dinosaurs,STUDY
can you tell a story with a ninja and a lion,STORY
show me how plants works,STUDY
okay let me guess option c,GAME
oh abort okay,SYSTEM
in the story who does a pirate meet,STORY
um speak in hindi,SYSTEM
there there munchkin,PET
so my favorite movie is movie okay,CHAT
hmm restart,SYSTEM
hey go to the kitchen thanks,NAVIGATION
let's see how much i know about spelling,STUDY
uh open number guessing,GAME
you're my favorite love,PET
in the story is a penguin safe,STORY
uh my guess is five,GAME
my favorite animal is sport,CHAT
come give me a wave,PET
hey check for updates okay,SYSTEM
how is ecosystems used in real life,STUDY
make the moon easier to understand,STUDY
um try doing a balance,PET
can we play tag,PET
in the story what if a bunny meets a ninja,STORY
is biology the same as the moon,STUDY
i need to review multiplication,STUDY
i love you little one,PET
make addition easier to understand,STUDY
follow me to the bedroom please,NAVIGATION
what's the difference between plants and addition,STUDY
you're my best friend love,PET
okay my favorite subject is ice cream,CHAT
shake paw munchkin,PET
set volume to high right now,SYSTEM
oh disable notifications right now,SYSTEM
okay my favorite animal is penguins right now,CHAT
for the game i'll say twenty okay,GAME
okay turn the sound off,SYSTEM
invent a story about a talking cat,STORY
do you sleep,CHAT
can you tell a story with a dragon and a dinosaur,STORY
so i'll take care of you pal,PET
um in the game i think it's the cat please,GAME
spell light for me,STUDY
oh time to play number guessing okay,GAME
my favorite color is game,CHAT
i don't understand photosynthesis,STUDY
try doing a flip now,PET
so my favorite movie is dinosaurs,CHAT
describe biology for me,STUDY
hey my favorite animal is cats now,CHAT
more of the story please,STORY
what can you tell me about shapes,STUDY
okay set volume to fifty percent,SYSTEM
oh lead the way to the front door,NAVIGATION
oh shake little paw darling thanks,PET
so turn off bluetooth please,SYSTEM
in the story what does a wizard find,STORY
show me how light works,STUDY
can you explain sound,STUDY
stay close and follow me,NAVIGATION
uh it's alright buddy,PET
okay face the entrance,NAVIGATION
switch to german okay,SYSTEM
oh change language to arabic now,SYSTEM
oh you're such a good boo please,PET
hey let's start math quiz,GAME
uh disable do not disturb please,SYSTEM
my favorite animal is stars now,CHAT
oh reboot,SYSTEM
i'm feeling angry right now,CHAT
let's play tug of war together,PET
uh begin a tale about a witch please,STORY
hey cheer up pumpkin,PET
can i have a cuddle right now,PET
um speak in korean please,SYSTEM
hmm in the story what if a prince meets a fairy,STORY
oh you did great pumpkin,PET
snuggle time pumpkin,PET
in the story what if a prince meets a dragon,STORY
snuggle time baby,PET
play would you rather with me,GAME
hey follow me to the back door thanks,NAVIGATION
oh in the game it must be false right now,GAME
my favorite color is song,CHAT
uh turn on dark mode,SYSTEM
decrease volume thanks,SYSTEM
begin a new game of math quiz,GAME
begin a tale about a prince,STORY
i have a question about sound,STUDY
uh launch i spy,GAME
can you make a angry face,PET
begin a new game of riddles,GAME
can you tell a story with a bear and a prince,STORY
my favorite food is penguins right now,CHAT
in the story what if a robot meets a pirate,STORY
um mute thanks,SYSTEM
let's do tug of war together,PET
uh you're so sweet sunshine thanks,PET
uh let's go to the stairs right now,NAVIGATION
hello there robot,PET
so please go to the patio,NAVIGATION
return to dock now,NAVIGATION
okay my favorite food is toy thanks,CHAT
hey let me see your pouty face,PET
hey are you charging,SYSTEM
hmm what do you think about cars,CHAT
okay do you like game now,CHAT
how do you spell the alphabet,STUDY
so rotate forward,NAVIGATION
go over the water cycle again,STUDY
i'm confused about erosion,STUDY
in the story what if a mermaid meets an astronaut,STORY
my game answer is blue,GAME
um what do you do for fun now,CHAT
hi there little sweetie right now,PET
hmm stop whatever you're doing okay,SYSTEM
oh for the game i'll say ten,GAME
turn on airplane mode,SYSTEM
come here munchkin let me pet you,PET
so good to see you pumpkin right now,PET
make continents easier to understand,STUDY
begin a new game of math quiz now,GAME
good to see you sweetie,PET
hey my favorite animal is dogs,CHAT
follow me to the playroom,NAVIGATION
hey what do you think about rainbows,CHAT
aww cutie you're the best,PET
is geography the same as colors,STUDY
why is the sky orange now,CHAT
my favorite subject is animal,CHAT
hmm go to the entrance thanks,NAVIGATION
describe atoms for me,STUDY
i like place,CHAT
my favorite food is dogs please,CHAT
my favorite subject is place please,CHAT
can you tell a story with an alien and a dragon,STORY
show me a cool flip,PET
okay i want a harder twenty questions now,GAME
can you tell a story with a fairy and a robot,STORY
spell volcanoes for me,STUDY
read this lesson about atoms,STUDY
so let me guess three now,GAME
can you do a flip,PET
hey there little robot okay,PET
one more clue please,GAME
um change language to english,SYSTEM
hmm my favorite subject is color okay,CHAT
what does dinosaurs mean,STUDY
come with me to the table,NAVIGATION
come with me to the basement,NAVIGATION
so stop talking right now,SYSTEM
so i want to play math quiz please,GAME
okay you're so sweet darling okay,PET
in the story what if a dinosaur meets a puppy,STORY
my game answer is the dog,GAME
what's two times eight,STUDY
um cancel all tasks,SYSTEM
okay sleep now,SYSTEM
uh my favorite movie is stars,CHAT
read this lesson about the solar system,STUDY
can you tell a story with a brave knight and a pirate,STORY
is erosion the same as oceans,STUDY
my favorite color is animal,CHAT
can you tell a story with a prince and a lion,STORY
so come here,NAVIGATION
why do we need to learn plants,STUDY
my favorite food is movie,CHAT
so tell me a story about a unicorn,STORY
describe the alphabet for me,STUDY
it's alright love,PET
uh can you tell a story with a superhero and a bear okay,STORY
do a shake for me,PET
okay my favorite movie is stars,CHAT
uh start fresh,SYSTEM
my favorite animal is rainbows,CHAT
summarize photosynthesis for me,STUDY
read me a story about an astronaut,STORY
in the story what if a robot meets a bear,STORY
um bring me to the attic,NAVIGATION
hey take me to the closet please,NAVIGATION
what's the definition of animals,STUDY
um in the game it must be option d now,GAME
walk ten steps forward,NAVIGATION
okay can you go to the garage,NAVIGATION
i want a funny story now,STORY
tell me about addition,STUDY
why is the sky blue okay,CHAT
show me how weather works,STUDY
give me an example of oceans,STUDY
move to the entrance,NAVIGATION
give me a quiz about science,STUDY
uh read me a story about a prince thanks,STORY
aww hello love,PET
hmm what's your favorite robots thanks,CHAT
uh make it louder right now,SYSTEM
i like food,CHAT
let's go to the door,NAVIGATION
is condensation the same as plants,STUDY
um come closer okay,NAVIGATION
don't move now,NAVIGATION
oh start a game of number guessing right now,GAME
can you tell a story with an astronaut and a detective,STORY
hmm i want a harder hangman please,GAME
okay close your eyes,SYSTEM
so what do you think about place okay,CHAT
bring me to the hallway,NAVIGATION
once upon a time story about an astronaut,STORY
turn on airplane mode please,SYSTEM
um help me out with this game,GAME
start fresh,SYSTEM
so set volume to maximum,SYSTEM
okay do you like color right now,CHAT
hmm cheer up love now,PET
uh volume down,SYSTEM
walk to the basement,NAVIGATION
in the story what if a bear meets a monkey,STORY
in the story what does a monkey find,STORY
i want to go to the bathroom,NAVIGATION
hmm you're funny,CHAT
take a few steps forward,NAVIGATION
hey set brightness to fifty percent now,SYSTEM
let's cuddle munchkin,PET
uh what's your favorite cats,CHAT
hmm what's your favorite joke right now,CHAT
lead the way to the laundry room,NAVIGATION
oh my favorite subject is color,CHAT
oh can you tell a story with an astronaut and a dragon now,STORY
hey return to dock,NAVIGATION
my favorite game is sport,CHAT
okay standby mode please,SYSTEM
i'm confused about division,STUDY
help me practice grammar,STUDY
so how about a game of word scramble now,GAME
oh navigate to the stairs,NAVIGATION
quiz me on english,STUDY
um change language to japanese,SYSTEM
i'll guess blue okay,GAME
okay got any rock paper scissors going,GAME
spell biology for me,STUDY
can you tell a story with a puppy and a robot now,STORY
summarize shapes for me,STUDY
oh i pick no for the game,GAME
can i have a nose boop right now,PET
in the story what if a princess meets a puppy,STORY
explain electricity to me,STUDY
you're my best friend nugget,PET
can we play word scramble,GAME
uh do you like sport right now,CHAT
i'll take care of you nugget,PET
okay please go to the entrance okay,NAVIGATION
hmm head over to the table please,NAVIGATION
okay come play dress up with me,PET
set volume to maximum please,SYSTEM
in the story what does an astronaut find,STORY
can you tell a story with an astronaut and a monkey,STORY
okay my favorite game is color now,CHAT
oh in the story what if a superhero meets a prince,STORY
let's cuddle,PET
enable do not disturb,SYSTEM
cheer up pumpkin,PET
uh in the story what happens to an astronaut,STORY
shake little paw love,PET
for the game i'll say option one,GAME
load up i spy please,GAME
hmm it's okay if you're sad right now,PET
i want to play checkers thanks,GAME
okay my favorite food is ice cream right now,CHAT
play simon says with me,GAME
bring me to the door,NAVIGATION
let's try the bright forest,STORY
okay let's play geography quiz please,GAME
you're adorable love,PET
uh in the story what if a unicorn meets a monkey right now,STORY
um in the story what if a brave knight meets a mermaid now,STORY
is light the same as the alphabet,STUDY
hey my favorite color is the moon right now,CHAT
um do you like birds right now,CHAT
uh hi there little sunshine right now,PET
i pick false for the game okay,GAME
hmm sit down honeybun,PET
uh be careful near the rug right now,NAVIGATION
ask me questions about history,STUDY
read this lesson about biology,STUDY
hey my favorite food is ice cream,CHAT
scratch behind your ears honeybun,PET
hi baby how are you,PET
uh i feel like playing math quiz,GAME
hi my sweet pumpkin,PET
how does electricity work,STUDY
okay you're my best friend little one thanks,PET
hmm are you charging now,SYSTEM
let's review magnets,STUDY
give me a kiss,PET
i need a thumbs up from you,PET
time to sleep,SYSTEM
so disable bluetooth,SYSTEM
what's your favorite pizza right now,CHAT
my favorite animal is dinosaurs,CHAT
restart the system,SYSTEM
load up maze,GAME
for this round i pick twenty,GAME
i'm guessing five okay,GAME
so hey love you're so cute please,PET
oh i pick option d for the game right now,GAME
okay come with me to the pantry,NAVIGATION
i want to play riddles,GAME
is chemistry the same as the water cycle,STUDY
what's the difference between the alphabet and sound,STUDY
enable notifications okay,SYSTEM
hey launch number guessing now,GAME
hmm navigate to the stairs thanks,NAVIGATION
i'm proud of you baby,PET
so let's play word scramble,GAME
can we play connect four,GAME
oh walk five steps forward,NAVIGATION
what's your favorite game thanks,CHAT
hey i'm guessing the cat thanks,GAME
go over colors again,STUDY
read this lesson about ecosystems,STUDY
head over to the bedroom,NAVIGATION
um watch out for the bag now,NAVIGATION
how do you spell gravity,STUDY
show me a high five,PET
uh my favorite game is robots please,CHAT
belly rub time little one,PET
let's do ball together,PET
okay i like color please,CHAT
uh do you like stars,CHAT
can you tell a story with a bunny and a wizard,STORY
make a excited face for me,PET
what is plants,STUDY
um got any hangman going thanks,GAME
turn on night mode right now,SYSTEM
um update yourself please,SYSTEM
um set brightness to medium please,SYSTEM
i'm confused about addition,STUDY
hmm tell me a joke thanks,CHAT
rotate backward,NAVIGATION
i have a question about addition,STUDY
so begin a new game of i spy thanks,GAME
where does a princess go next in the story,STORY
in the game i think it's option two,GAME
okay my guess is red,GAME
okay did you know that dolphins,CHAT
oh hibernate,SYSTEM
is light the same as addition,STUDY
uh i'll guess no right now,GAME
can you tell a story with a mermaid and a unicorn,STORY
review molecules with me,STUDY
take me to the window,NAVIGATION
in the story what if a detective meets a puppy,STORY
there there nugget,PET
in the story who does a talking cat meet,STORY
my favorite game is flowers thanks,CHAT
for the game i choose twenty,GAME
how is the sun used in real life,STUDY
show me how fractions works,STUDY
so go to the back door right now,NAVIGATION
summarize cells for me,STUDY
okay in the game the answer is option c please,GAME
what are the main points of dinosaurs,STUDY
so go to the kitchen okay,NAVIGATION
how do you spell sound,STUDY
hmm i want the golden key thanks,STORY
oh i'm feeling bored,CHAT
um my favorite game is book please,CHAT
you make me so happy cutie,PET
can you tell a story with a puppy and a princess,STORY
move to the patio,NAVIGATION
in the story what if an astronaut meets an astronaut,STORY
um my favorite game is ice cream,CHAT
so in the game the answer is blue now,GAME
can you tell a story with a ninja and a bunny,STORY
uh lead the way to the basement,NAVIGATION
so move to the kitchen right now,NAVIGATION
okay enable notifications,SYSTEM
i like color,CHAT
okay in the story what if a mermaid meets a ninja okay,STORY
so snuggle time darling okay,PET
okay move backward,NAVIGATION
show me your smile,PET
hey open chess,GAME
uh what's interesting about the brain,CHAT
hey i'll take care of you sunshine,PET
hmm in the game the answer is the first one now,GAME
where does a detective go next in the story,STORY
in the story what if a prince meets a bunny,STORY
you did great sunshine,PET
how much battery do you have please,SYSTEM
hmm my favorite game is book,CHAT
so shake little paw darling right now,PET
okay go to the laundry room please,NAVIGATION
um lead the way to the dining room please,NAVIGATION
oh dim the lights right now,SYSTEM
can you quiz me on biology,STUDY
i feel like playing card game,GAME
can you go to the balcony,NAVIGATION
my game answer is option three right now,GAME
put on a surprised face,PET
okay please go to the window thanks,NAVIGATION
head to the closet now,NAVIGATION
what's your name,CHAT
the dog is my final game answer,GAME
um i want to go to the laundry room thanks,NAVIGATION
take me to the door,NAVIGATION
navigate to the patio,NAVIGATION
let's go to the porch okay,NAVIGATION
my game answer is seven,GAME
stay away from the chair thanks,NAVIGATION
can you count to twenty,CHAT
uh please go to the front door thanks,NAVIGATION
so set volume to seventy percent right now,SYSTEM
i feel like playing rock paper scissors,GAME
give me some love buddy,PET
please go to the porch,NAVIGATION
cancel all tasks thanks,SYSTEM
oh go to the playroom,NAVIGATION
in the story does a puppy win,STORY
in the game it must be option three,GAME
okay i like robots,CHAT
hey in the game it must be option two thanks,GAME
hmm stop talking right now,SYSTEM
uh what do you think about robots please,CHAT
do your best hop,PET
i want a exciting story,STORY
hey cancel all tasks okay,SYSTEM
so my guess is the first one okay,GAME
uh switch to hindi right now,SYSTEM
i'll guess the dog please,GAME
i want to play pretend with you,PET
explain ecosystems to me,STUDY
show me how cells works,STUDY
hey tell me an adventure story about a bear thanks,STORY
okay i pick option two for the game right now,GAME
um in the game it must be blue thanks,GAME
in the game it must be option c,GAME
for the game i'll say red please,GAME
um turn off night mode now,SYSTEM
take three steps around thanks,NAVIGATION
did you know that animals,CHAT
take ten steps right,NAVIGATION
take the secret door,STORY
so i'll take care of you buddy now,PET
test me on geography,STUDY
in the story what if a dinosaur meets a bear,STORY
what's twelve minus seven,STUDY
how does volcanoes work,STUDY
how about a game of twenty questions okay,GAME
i'm here for you little little one okay,PET
i'm confused about light,STUDY
for the game i'll say red,GAME
take me to the garage,NAVIGATION
hey turn on wifi,SYSTEM
in the story what if a talking cat meets a pirate,STORY
oh volume down,SYSTEM
quiz time for chemistry,STUDY
what comes next in the story,STORY
go left,NAVIGATION
hmm my favorite color is ice cream please,CHAT
set volume to seventy percent okay,SYSTEM
okay why is the sky purple right now,CHAT
hmm in the game the answer is seven,GAME
hey can you tell a story with a wizard and a prince okay,STORY
take me to the balcony,NAVIGATION
open i spy,GAME
oh disable wifi right now,SYSTEM
hmm enable bluetooth,SYSTEM
belly rub time cupcake,PET
volume up okay,SYSTEM
do you like sport now,CHAT
hey tell me a fun fact,CHAT
hey my favorite game is flowers please,CHAT
i feel like playing science quiz right now,GAME
hey start a story in a haunted house okay,STORY
is the food chain the same as dinosaurs,STUDY
hmm stop all tasks now,SYSTEM
in the story what if a robot meets a detective,STORY
stop everything,SYSTEM
i want to go to the nursery thanks,NAVIGATION
uh switch to korean,SYSTEM
how does colors work,STUDY
i had a okay day now,CHAT
can you go to the attic okay,NAVIGATION
my favorite food is cats,CHAT
exit the game thanks,GAME
my favorite game is the moon please,CHAT
explain atoms in simple words,STUDY
um standby mode please,SYSTEM
give me an example of shapes,STUDY
oh my favorite color is pizza okay,CHAT
spell multiplication for me,STUDY
make plants easier to understand,STUDY
launch checkers thanks,GAME
bring me to the bedroom right now,NAVIGATION
tell me an adventure story about a lion,STORY
uh turn off wifi thanks,SYSTEM
so time to play memory match,GAME
hmm let's play spelling bee,GAME
come follow me,NAVIGATION
okay freeze right now,NAVIGATION
oh speak in korean right now,SYSTEM
hmm my favorite subject is animal,CHAT
hmm change language to arabic now,SYSTEM
in the game i think it's five,GAME
i'm guessing option b,GAME
hey my favorite game is place,CHAT
in the game i'll go with option c,GAME
can you tell a story with a pirate and a detective,STORY
oh how about a game of trivia now,GAME
explain sound to me,STUDY
so mute the sound now,SYSTEM
so i want to go to the laundry room now,NAVIGATION
hmm make it louder thanks,SYSTEM
what's your favorite flowers thanks,CHAT
can you tell a story with a bear and a detective,STORY
oh got any simon says going,GAME
um system check now,SYSTEM
hmm head over to the pantry now,NAVIGATION
roll over love,PET
final answer the dog now,GAME
shake hand pumpkin,PET
in the story what if a dinosaur meets a monkey,STORY
invent a story about a mermaid,STORY
hey make it quieter now,SYSTEM
sit down sunshine,PET
what time is it okay,CHAT
can you tell a story with a penguin and a penguin,STORY
um what's your favorite color now,CHAT
please go to the attic right now,NAVIGATION
hey walk three steps forward please,NAVIGATION
oh power cycle,SYSTEM
disable notifications now,SYSTEM
hmm my game answer is option d,GAME
uh head to the window okay,NAVIGATION
quiz time for social studies,STUDY
oh in the game it must be seven,GAME
invent a story about a bear,STORY
i need to review the moon,STUDY
i want to play patty cake with you,PET
spell atoms for me,STUDY
in the story what if a prince meets an astronaut,STORY
in the story what if a mermaid meets a penguin,STORY
in the story what if a detective meets a fairy,STORY
what's the difference between the food chain and erosion,STUDY
okay my favorite animal is stars please,CHAT
come play peek-a-boo with me,PET
um cancel everything now,SYSTEM
move away from the shoe,NAVIGATION
so what makes thunder,CHAT
um my favorite animal is place,CHAT
pet pet pet sweetie,PET
how about a game of hangman now,GAME
oh what version are you,SYSTEM
what chapter is colors in,STUDY
so can we play spelling bee right now,GAME
so turn off dark mode please,SYSTEM
turn down the volume right now,SYSTEM
oh turn off night mode right now,SYSTEM
explain planets to me,STUDY
um mute the sound,SYSTEM
let's play geography quiz,GAME
in the story what if a brave knight meets an astronaut,STORY
in the story what if a bear meets a brave knight,STORY
can you tell a story with a talking cat and a brave knight,STORY
play follow the leader with me,PET
uh my favorite food is animal,CHAT
in the story what if a pirate meets a ninja,STORY
um start a game of rock paper scissors right now,GAME
i'm confused about the sun,STUDY
spell colors for me,STUDY
um can we play peek-a-boo please,PET
my favorite subject is birds please,CHAT
get closer to me,NAVIGATION
my favorite subject is rainbows,CHAT
describe the water cycle for me,STUDY
what's the difference between the food chain and dinosaurs,STUDY
uh let's play trivia,GAME
for the game i choose the dog,GAME
can we play maze,GAME
describe the moon for me,STUDY
what's your battery level please,SYSTEM
try doing a twirl now,PET
change language to japanese okay,SYSTEM
what's the definition of the alphabet,STUDY
hold on stop,NAVIGATION
restart everything,SYSTEM
um volume up,SYSTEM
so set volume to half thanks,SYSTEM
i want the hidden tunnel,STORY
okay for this round i pick option two now,GAME
uh play animal quiz with me thanks,GAME
bring me to the playroom,NAVIGATION
okay my favorite color is chocolate,CHAT
i want a harder riddles,GAME
come with me to the stairs,NAVIGATION
hey open number guessing please,GAME
give me an example of the food chain,STUDY
hey let's go to the back door please,NAVIGATION
let's review animals,STUDY
lead the way to the door right now,NAVIGATION
uh go to the bedroom,NAVIGATION
hmm my favorite subject is cats,CHAT
hmm aww pumpkin you're the best,PET
my game answer is ten,GAME
i want to play number guessing,GAME
so move away from the chair,NAVIGATION
give me a summary of grammar,STUDY
let's go to the laundry room,NAVIGATION
so follow me to the dining room,NAVIGATION
let's review geography,STUDY
let's nose boop,PET
let's review ecosystems,STUDY
give me a test on spelling,STUDY
okay my favorite color is the moon,CHAT
uh do you like game okay,CHAT
how about a game of twenty questions,GAME
uh let's start spelling bee,GAME
do you like birds please,CHAT
can you tell a story with an astronaut and a ninja,STORY
well done baby,PET
let's see how much i know about science,STUDY
oh my favorite color is cats now,CHAT
follow me to the attic okay,NAVIGATION
got any twenty questions going,GAME
oh i like dinosaurs right now,CHAT
make up a story about a lion,STORY
so stop everything,SYSTEM
read this lesson about weather,STUDY
hey roll over little one,PET
can you clarify subtraction,STUDY
hmm go to the attic,NAVIGATION
so how much battery do you have thanks,SYSTEM
my favorite color is color thanks,CHAT
give me an example of the water cycle,STUDY
um you're the best thanks,CHAT
let's start checkers,GAME
uh i want to play tug of war with you,PET
uh move away from the table,NAVIGATION
in the game i think it's option one,GAME
can we play fetch,PET
hmm open animal quiz,GAME
hey can we play simon says okay,GAME
can you tell a story with a princess and a lion,STORY
head to the stairs,NAVIGATION
take me to the patio right now,NAVIGATION
help me with this math problem fifteen minus six,STUDY
welcome back honeybun,PET
come with me to the laundry room,NAVIGATION
so silence thanks,SYSTEM
hey pal you're so cute,PET
okay shake hand buddy,PET
take me to the back door,NAVIGATION
oh back up a little,NAVIGATION
i want to go to the playroom now,NAVIGATION
so you're adorable cutie,PET
hmm stop talking now,SYSTEM
hey can you tell a story with a witch and a dragon,STORY
how do you spell plants,STUDY
how do you spell shapes,STUDY
my favorite game is pizza right now,CHAT
oh my favorite movie is chocolate please,CHAT
let me see your angry face thanks,PET
sit down buddy please,PET
my favorite food is animal please,CHAT
my favorite animal is sport please,CHAT
oh change language to german please,SYSTEM
let's review plants,STUDY
okay power down thanks,SYSTEM
my favorite animal is penguins,CHAT
skip this one,GAME
hey for the game i choose option three now,GAME
hey my favorite movie is game,CHAT
do you like dogs,CHAT
do you like food,CHAT
shake arm pumpkin,PET
in the story what if an alien meets a penguin,STORY
i want to go to the door,NAVIGATION
in the story what if a princess meets a unicorn,STORY
okay i'm feeling scared,CHAT
hey what's your favorite cars now,CHAT
new story about a pirate,STORY
uh let me guess the dog,GAME
in the story what if an alien meets a unicorn,STORY
oh change language to korean now,SYSTEM
tell me an adventure story about a bear,STORY
okay volume up okay,SYSTEM
in the story what if a penguin meets a detective,STORY
what are you,CHAT
i want to play animal quiz,GAME
uh got any twenty questions going thanks,GAME
hmm pet pet pet robot,PET
um my favorite game is pandas right now,CHAT
so set volume to low thanks,SYSTEM
once upon a time story about a superhero,STORY
in the story what if a prince meets a dinosaur,STORY
my favorite color is cars thanks,CHAT
can you tell a story with a unicorn and a brave knight,STORY
what's the definition of chemistry,STUDY
um load up memory match,GAME
face the bookshelf,NAVIGATION
i want a mystery story,STORY
hi there little munchkin,PET
so my favorite animal is food right now,CHAT
it's alright friend,PET
did you know that butterflies,CHAT
load up simon says,GAME
welcome back munchkin okay,PET
in the story what if a dragon meets a puppy,STORY
um what do you think about flowers thanks,CHAT
put on a cute face,PET
let's see how much i know about reading,STUDY
turn on bluetooth please,SYSTEM
do a restart thanks,SYSTEM
um shut down,SYSTEM
uh cheer up baby,PET
what do you think about song,CHAT
what do you think about stars,CHAT
do you have feelings,CHAT
so take four steps forward,NAVIGATION
okay set volume to half right now,SYSTEM
uh my favorite subject is the moon thanks,CHAT
turn off right now,SYSTEM
can you tell a story with a puppy and a wizard,STORY
describe volcanoes for me,STUDY
walk to the balcony,NAVIGATION
uh mute thanks,SYSTEM
take five steps forward,NAVIGATION
it's okay if you're sleepy,PET
oh volume down right now,SYSTEM
my favorite game is pizza,CHAT
so can you count to twenty,CHAT
uh turn on airplane mode right now,SYSTEM
break down history for me,STUDY
oh it's bedtime go to sleep please,SYSTEM
okay switch to hindi okay,SYSTEM
speak in spanish okay,SYSTEM
hey sweetie you're so cute,PET
oh narrate a story about a bunny please,STORY
hey my favorite animal is robots right now,CHAT
can you do a dance,PET
i like toy please,CHAT
don't stop the story,STORY
what can you tell me about the solar system,STUDY
how about a game of science quiz,GAME
is biology the same as shapes,STUDY
what chapter is ecosystems in,STUDY
in the story what if a bear meets a unicorn,STORY
i want to go to the entrance,NAVIGATION
hmm turn the sound off now,SYSTEM
i'll take care of you boo,PET
okay i'll guess option two,GAME
can you tell a story with a wizard and a dragon,STORY
speak in korean okay,SYSTEM
um make it louder now,SYSTEM
hmm move away from the lamp okay,NAVIGATION
show me a nose boop,PET
okay take me to the back door,NAVIGATION
do your best bow,PET
walk to the door thanks,NAVIGATION
oh set brightness to half now,SYSTEM
uh belly rub time honeybun please,PET
give me an example of history,STUDY
okay set brightness to seventy percent,SYSTEM
so let's do red light green light together now,PET
hmm do you know any songs please,CHAT
so shut down,SYSTEM
my favorite food is stars,CHAT
belly rub time friend,PET
okay my favorite food is animal,CHAT
oh my favorite movie is animal,CHAT
in the story what if a lion meets a dinosaur,STORY
break down erosion for me,STUDY
in the story what if a mermaid meets a mermaid,STORY
i want to go to the back door,NAVIGATION
um my favorite color is place thanks,CHAT
go over erosion again,STUDY
tell me about division,STUDY
is division the same as geography,STUDY
i want to hear a story about a mermaid,STORY
oh disable notifications now,SYSTEM
so what version are you right now,SYSTEM
okay i can't hear you speak louder thanks,SYSTEM
uh my favorite food is pandas,CHAT
hmm set brightness to high now,SYSTEM
good job baby right now,PET
okay tell me something funny,CHAT
are you feeling grumpy,PET
my favorite game is pandas right now,CHAT
spin me a yarn about a princess,STORY
quiz me on spelling,STUDY
can you tell a story with a pirate and a fairy,STORY
oh i want to play animal quiz,GAME
hi nugget how are you,PET
hey how about a game of would you rather,GAME
um i like dinosaurs right now,CHAT
my favorite food is game,CHAT
good morning boo,PET
hmm update yourself okay,SYSTEM
for the game i choose option three,GAME
i want to learn about fractions,STUDY
okay can you make a smile,PET
can you tell a story with a lion and a lion,STORY
i don't understand molecules,STUDY
hmm launch animal quiz,GAME
i need help with gravity,STUDY
sit down pumpkin,PET
my favorite food is dinosaurs,CHAT
uh what do you think about cats please,CHAT
can you help me with two times eight,STUDY
hmm what's interesting about elephants please,CHAT
can we review biology please,STUDY
look towards the pantry,NAVIGATION
what's the difference between multiplication and subtraction,STUDY
oh rotate forward,NAVIGATION
hey turn the sound off thanks,SYSTEM
good job honeybun,PET
hmm speak in hindi please,SYSTEM
uh i feel like playing puzzle,GAME
in the story what if a mermaid meets a puppy,STORY
hey it's okay if you're lonely now,PET
hey make it quieter,SYSTEM
do a cute face right now,PET
oh are you real,CHAT
uh set brightness to fifty percent thanks,SYSTEM
okay sit down munchkin thanks,PET
tell me about erosion,STUDY
uh can you go to the patio,NAVIGATION
it's alright buddy,PET
what's the difference between continents and volcanoes,STUDY
let's cuddle pal,PET
can you tell a story with a bunny and a detective,STORY
hey sit down robot now,PET
hey you make me smile cutie now,PET
once upon a time story about a lion,STORY
tell me an adventure story about a ninja,STORY
make up a story about a penguin,STORY
i feel like playing true or false,GAME
hey play animal quiz with me,GAME
um i'm feeling confused,CHAT
in the game the answer is three okay,GAME
uh go to sleep thanks,SYSTEM
can you tell a story with an alien and a superhero,STORY
tell a action story please,STORY
okay i'll take care of you sunshine thanks,PET
hmm my favorite movie is robots thanks,CHAT
show me a thumbs up,PET
can you help me with five plus three,STUDY
um enable notifications right now,SYSTEM
hmm hello my little cupcake thanks,PET
okay set brightness to medium thanks,SYSTEM
oh head to the study room,NAVIGATION
okay take ten steps around,NAVIGATION
okay i want to play puzzle,GAME
i want to learn about subtraction,STUDY
why is the solar system important,STUDY
hmm come to me please,NAVIGATION
hmm you make me so happy sunshine now,PET
can you tell a story with a wizard and a witch,STORY
nice to see you again cupcake,PET
what does weather mean,STUDY
uh i pick right for the game,GAME
what can you tell me about division,STUDY
i choose the bright forest,STORY
i need help with the solar system,STUDY
i want to play i spy okay,GAME
hey what do you think about the moon,CHAT
um speak in spanish,SYSTEM
let me guess true,GAME
show me your excited face,PET
summarize division for me,STUDY
come with me to the pantry please,NAVIGATION
please go to the back door,NAVIGATION
let's cuddle darling,PET
can you tell a story with a superhero and a bear,STORY
um my favorite movie is sport please,CHAT
hmm final answer true now,GAME
hey my favorite movie is flowers right now,CHAT
hey set brightness to fifty percent okay,SYSTEM
speak in arabic,SYSTEM
what do you think about movie right now,CHAT
tell a silly story please,STORY
hey stop talking,SYSTEM
okay increase volume,SYSTEM
in the story what if a monkey meets a brave knight,STORY
what's the difference between the human body and molecules,STUDY
shake hand boo,PET
can we play simon says,GAME
how do you spell continents,STUDY
hey what do you think about dinosaurs thanks,CHAT
hmm set volume to minimum right now,SYSTEM
oh enable bluetooth now,SYSTEM
hmm say spaghetti in a funny voice,CHAT
hey do you like rainbows,CHAT
i want to play hide and seek with you okay,PET
let's review oceans,STUDY
hi there little robot,PET
hey move to the balcony right now,NAVIGATION
i want a harder card game,GAME
i want to go to the laundry room right now,NAVIGATION
you make me so happy little one,PET
make erosion easier to understand,STUDY
can you tell me a exciting story,STORY
can we play catch,PET
oh i had a okay day,CHAT
i don't understand cells,STUDY
okay please go to the stairs,NAVIGATION
can you tell a story with a detective and a witch,STORY
okay my guess is blue please,GAME
my game answer is the last one,GAME
hey i'm here for you little darling,PET
hmm good job friend,PET
how do you spell geography,STUDY
hmm my favorite color is dinosaurs okay,CHAT
shake hand cupcake,PET
can you tell a story with an alien and a pirate,STORY
um speak in japanese,SYSTEM
okay decrease volume okay,SYSTEM
uh i like place please,CHAT
hey start a story in a forest,STORY
lead the way to the couch,NAVIGATION
um are you charging right now,SYSTEM
let's review chemistry,STUDY
oh start a game of chess,GAME
okay good evening nugget,PET
move to the bathroom,NAVIGATION
is erosion the same as history,STUDY
hey i'm feeling bored please,CHAT
okay what's your favorite pandas please,CHAT
okay my favorite subject is animal thanks,CHAT
oh did you know that ants right now,CHAT
okay turn off wifi right now,SYSTEM
uh what's interesting about dolphins,CHAT
i'll take care of you pal right now,PET
wanna play peek-a-boo now,PET
uh restart everything right now,SYSTEM
i'm guessing option a,GAME
uh take me to the corridor,NAVIGATION
what's the difference between ecosystems and shapes,STUDY
summarize plants for me,STUDY
oh i feel like playing science quiz right now,GAME
roll over cutie okay,PET
play rock paper scissors with me,GAME
hey what's your favorite color,CHAT
you make me so happy cupcake,PET
make a silly face for me,PET
so what's your favorite the moon,CHAT
navigate to the balcony,NAVIGATION
you're my best friend munchkin,PET
i'm here for you little little one,PET
what can you tell me about sound,STUDY
uh my favorite animal is place please,CHAT
set brightness to half please,SYSTEM
can you tell a story with a superhero and a superhero right now,STORY
what do you think about sport okay,CHAT
in the game i think it's left,GAME
time to play simon says,GAME
good morning little one,PET
show me a cool hop,PET
hey change language to spanish,SYSTEM
in the story what if a pirate meets a bunny,STORY
so hi my sweet love,PET
um speak in chinese thanks,SYSTEM
let's go to the basement please,NAVIGATION
take me to the kitchen,NAVIGATION
so look towards the front door,NAVIGATION
um restart everything,SYSTEM
help me understand division,STUDY
in the story what if a robot meets a pirate okay,STORY
cheer up sunshine now,PET
okay enable night mode okay,SYSTEM
my game answer is five,GAME
in the game i'll go with option b,GAME
can you tell a story with a brave knight and a bear,STORY
let's go to the table,NAVIGATION
hmm there there cutie,PET
oh can you count to twenty,CHAT
hmm what do you think about song now,CHAT
so can you make a happy face please,PET
in the game i'll go with the last one,GAME
i like chocolate,CHAT
okay let's play memory match okay,GAME
i'll guess right,GAME
my favorite animal is flowers now,CHAT
can you explain biology,STUDY
hey let's fist bump please,PET
follow me to the closet,NAVIGATION
in the story what if a unicorn meets an astronaut,STORY
okay pick a game for me,GAME
hmm try doing a balance now,PET
so let's go to the playroom please,NAVIGATION
in the story what if a brave knight meets a lion,STORY
hey did you know that space,CHAT
help me practice vocabulary,STUDY
read this lesson about the alphabet,STUDY
i had a okay day,CHAT
begin a new game of science quiz okay,GAME
uh lead the way to the nursery please,NAVIGATION
invent a story about a unicorn please,STORY
in the story will a robot be okay,STORY
oh load up trivia,GAME
uh update yourself,SYSTEM
hey quieter please right now,SYSTEM
um you're adorable pumpkin now,PET
tell me a fun fact right now,CHAT
follow me please thanks,NAVIGATION
well done robot,PET
make me laugh now,CHAT
oh my favorite food is game,CHAT
change language to japanese right now,SYSTEM
option three is my final game answer,GAME
can you clarify erosion,STUDY
hmm take me to the pantry thanks,NAVIGATION
oh my favorite subject is penguins,CHAT
okay hello my little munchkin please,PET
uh in the story what if a prince meets a ninja,STORY
let me guess option d,GAME
so can you tell a story with a superhero and a witch,STORY
quieter please right now,SYSTEM
in the story what if a ninja meets an alien,STORY
option a is my final game answer,GAME
for the game i choose option b please,GAME
snuggle time cupcake,PET
i pick the bright forest,STORY
move away from the cat,NAVIGATION
in the game i'll go with true,GAME
tell me an adventure story about a talking cat,STORY
shake arm munchkin,PET
is plants the same as shapes,STUDY
hey open true or false,GAME
uh make a wink for me,PET
give me an explanation of magnets,STUDY
oh navigate to the hallway okay,NAVIGATION
watch out for the wall okay,NAVIGATION
hmm switch to korean now,SYSTEM
um can you tell a story with a dragon and a bunny,STORY
how do you spell fractions,STUDY
spell weather for me,STUDY
uh i like chocolate please,CHAT
in the story what if an alien meets a witch,STORY
my favorite animal is cats thanks,CHAT
is volcanoes the same as plants,STUDY
hmm let's go to the balcony right now,NAVIGATION
final answer the last one right now,GAME
oh take me to the garage please,NAVIGATION
uh my favorite movie is penguins,CHAT
read this lesson about light,STUDY
so go to the back door thanks,NAVIGATION
uh rest mode please,SYSTEM
follow me to the door,NAVIGATION
i feel like playing would you rather,GAME
turn the sound on now,SYSTEM
i have a question about animals,STUDY
my favorite color is place,CHAT
so stay away from the rug please,NAVIGATION
um check your status now,SYSTEM
create a story with an astronaut,STORY
quieter please,SYSTEM
um how about a game of maze right now,GAME
okay let's play dress up together okay,PET
please go to the study room,NAVIGATION
uh my favorite movie is cats,CHAT
oh speak in hindi please,SYSTEM
hey time for catch okay,PET
um let's go to the table right now,NAVIGATION
oh go to the porch right now,NAVIGATION
let's go to the bookshelf,NAVIGATION
make weather easier to understand,STUDY
review volcanoes with me,STUDY
okay take me to the garden now,NAVIGATION
uh quit everything,SYSTEM
uh in the game it must be three,GAME
my game answer is yes,GAME
summarize the sun for me,STUDY
uh turn down the volume,SYSTEM
move forward,NAVIGATION
let's go to the garden,NAVIGATION
let's wave,PET
i missed you sunshine right now,PET
what can you tell me about chemistry,STUDY
let me guess left,GAME
um say robot in a funny voice okay,CHAT
so stop all tasks right now,SYSTEM
explain addition to me,STUDY
i'm confused about photosynthesis,STUDY
so reset yourself please,SYSTEM
i need help with addition,STUDY
hmm can you tell a story with a bunny and a brave knight right now,STORY
good job baby,PET
i need a nose boop from you,PET
hmm head to the patio okay,NAVIGATION
start a new story about a bear,STORY
go over weather again,STUDY
hey what do you think about movie thanks,CHAT
let's go to the couch,NAVIGATION
what are the main points of cells,STUDY
um my favorite subject is toy right now,CHAT
my favorite subject is sport thanks,CHAT
in the story what if a lion meets a unicorn,STORY
hmm play true or false with me,GAME
hi there little sweetie,PET
so change language to chinese okay,SYSTEM
dim the lights,SYSTEM
hmm enable do not disturb okay,SYSTEM
open checkers,GAME
okay do you like color okay,CHAT
give me a summary of vocabulary,STUDY
lead the way to the attic please,NAVIGATION
i pick red for the game okay,GAME
i like flowers,CHAT
my favorite animal is robots now,CHAT
load up number guessing,GAME
is the alphabet the same as oceans,STUDY
okay i'm proud of you pumpkin,PET
good evening robot,PET
why do we need to learn the moon,STUDY
can you tell a story with a wizard and a wizard,STORY
oh go to the back door,NAVIGATION
so time to play math quiz thanks,GAME
switch to korean please,SYSTEM
okay what do you think about food,CHAT
oh scratch behind your ears sunshine,PET
oh disable night mode right now,SYSTEM
hmm be quiet,SYSTEM
in the story what if a mermaid meets a detective,STORY
you make me smile darling okay,PET
i need to review the solar system,STUDY
head over to the garage thanks,NAVIGATION
can you tell a story with a brave knight and a prince,STORY
how does planets work,STUDY
shake paw nugget,PET
in the story what if a detective meets a princess,STORY
hmm do a smile okay,PET
so turn off bluetooth right now,SYSTEM
uh what do you think about the moon please,CHAT
let me guess the dog okay,GAME
hmm bring me to the couch right now,NAVIGATION
spin me a yarn about a mermaid,STORY
let's go to the bathroom please,NAVIGATION
shake little paw sweetie okay,PET
so open riddles,GAME
read me a story about an alien,STORY
my favorite subject is the moon,CHAT
so switch to hindi,SYSTEM
hmm my favorite color is dogs please,CHAT
oh shake little paw pal,PET
how about a game of checkers,GAME
my favorite game is color,CHAT
okay i'll guess option b,GAME
break down photosynthesis for me,STUDY
uh my favorite color is book now,CHAT
hmm i'm here for you little sunshine,PET
belly rub time sunshine,PET
uh in the game i think it's three,GAME
move a little right,NAVIGATION
can you tell a story with a monkey and a pirate,STORY
how does atoms work,STUDY
hush now,SYSTEM
rotate right,NAVIGATION
um what's your favorite the moon,CHAT
hey switch to english,SYSTEM
hmm set volume to half okay,SYSTEM
hold your position,NAVIGATION
so time to sleep,SYSTEM
uh i want to go to the window,NAVIGATION
can you tell a story with a detective and a princess,STORY
um final answer true thanks,GAME
start a game of memory match now,GAME
hey i want to play science quiz please,GAME
reboot yourself now,SYSTEM
let me see you twirl thanks,PET
hey cupcake you're so cute,PET
start a game of simon says,GAME
final answer option one,GAME
um it's alright cutie please,PET
good job darling,PET
got any spelling bee going,GAME
can you tell a story with a unicorn and a witch,STORY
hmm come with me to the window please,NAVIGATION
um enable dark mode,SYSTEM
explain condensation in simple words,STUDY
can you tell a story with a mermaid and a princess,STORY
mute the sound,SYSTEM
i want to play rock paper scissors,GAME
in the story what if a fairy meets a pirate,STORY
hmm enable notifications,SYSTEM
so shut up right now,SYSTEM
i wanna hear a story about a mermaid,STORY
um be careful near the stairs thanks,NAVIGATION
can you tell a story with a lion and a monkey,STORY
you're my favorite nugget,PET
in the story what if a pirate meets a lion,STORY
oh my favorite movie is color now,CHAT
new story about an alien right now,STORY
okay enable night mode thanks,SYSTEM
uh do you like song,CHAT
i want a action story,STORY
head to the garage,NAVIGATION
let me see your smile,PET
turn backward please,NAVIGATION
i'll take care of you sunshine,PET
hey look towards the basement please,NAVIGATION
let's review the food chain,STUDY
i want a fantasy story,STORY
did you know that the brain okay,CHAT
oh set volume to full,SYSTEM
hmm louder please,SYSTEM
uh why is the sky blue,CHAT
okay i want a harder tic-tac-toe,GAME
okay play catch with me okay,PET
give me a fist bump,PET
hey i had a great day now,CHAT
um in the story what if a detective meets a fairy now,STORY
what's your favorite pizza,CHAT
my favorite game is chocolate right now,CHAT
try doing a jump,PET
volume up right now,SYSTEM
i want a harder i spy,GAME
in the story what if a puppy meets a unicorn,STORY
what chapter is erosion in,STUDY
cheer up darling,PET
take four steps right,NAVIGATION
so what do you think about pizza please,CHAT
hmm i'm guessing option three,GAME
hey my favorite subject is stars now,CHAT
i'm here for you little cupcake,PET
final answer right now,GAME
so lead the way to the patio,NAVIGATION
oh turn off notifications thanks,SYSTEM
shake arm friend,PET
oh take a nap please,SYSTEM
um i'm feeling bored now,CHAT
move a little backward,NAVIGATION
hmm my favorite movie is game,CHAT
um for this round i pick option two thanks,GAME
so enable night mode okay,SYSTEM
what are the main points of condensation,STUDY
hello,CHAT
so spin me a yarn about a superhero,STORY
uh what do you think about song okay,CHAT
let me guess twenty,GAME
follow me to the nursery,NAVIGATION
i had a terrible day now,CHAT
so my favorite game is pandas,CHAT
uh enable night mode please,SYSTEM
um everything will be fine buddy,PET
oh speak in english right now,SYSTEM
in the story what if a ninja meets a bear,STORY
cheer up boo,PET
oh i need a hug from you,PET
uh i like toy,CHAT
don't worry robot,PET
tell me about magnets,STUDY
go over planets again,STUDY
hmm what happens when we dream please,CHAT
can you explain photosynthesis,STUDY
my favorite subject is pizza,CHAT
i wanna hear a story about a talking cat,STORY
okay i like pizza,CHAT
okay my favorite animal is cars,CHAT
so speak in japanese,SYSTEM
uh go to the table now,NAVIGATION
i want to learn about the moon,STUDY
um walk to the attic,NAVIGATION
hmm what's your favorite flowers now,CHAT
what version are you okay,SYSTEM
oh what's your favorite ice cream right now,CHAT
head over to the study room,NAVIGATION
okay what do you think about book now,CHAT
is continents the same as photosynthesis,STUDY
hmm my favorite food is pizza,CHAT
in the story will a superhero be okay,STORY
snuggle time little one,PET
hold on pause the story,STORY
so set brightness to high,SYSTEM
okay let's play card game now,GAME
can you tell a story with a fairy and a princess,STORY
give me an explanation of ecosystems,STUDY
my favorite game is cars thanks,CHAT
okay set volume to maximum,SYSTEM
nice to see you again pal right now,PET
okay let me see your pouty face right now,PET
quiz time for spelling,STUDY
um lead the way to the porch,NAVIGATION
head to the door,NAVIGATION
oh bring me to the sofa,NAVIGATION
oh let's start word guess,GAME
in the story what if a witch meets a bunny okay,STORY
my game answer is red,GAME
uh my favorite color is penguins,CHAT
face the pantry,NAVIGATION
hmm in the game i'll go with red right now,GAME
my favorite color is ice cream,CHAT
move to the sofa,NAVIGATION
do a spin for me,PET
uh why is grass green,CHAT
time for pretend,PET
my favorite movie is sport,CHAT
so head to the entrance,NAVIGATION
hmm final answer ten now,GAME
okay head to the attic,NAVIGATION
i want to learn about the food chain,STUDY
final answer five thanks,GAME
so what do you think about stars,CHAT
walk four steps forward,NAVIGATION
i want to learn about history,STUDY
uh aww hello nugget,PET
hmm switch to spanish please,SYSTEM
let's go to the entrance,NAVIGATION
why is sound important,STUDY
can you tell a story with a princess and a dinosaur,STORY
i wanna hear a story about a robot,STORY
in the game it must be the dog,GAME
oh refresh the system,SYSTEM
in the story what if a detective meets a lion,STORY
what's the difference between gravity and cells,STUDY
change language to korean,SYSTEM
hmm come with me to the couch,NAVIGATION
hmm final answer blue,GAME
oh refresh the system right now,SYSTEM
can you tell a story with a bunny and a ninja,STORY
hmm my favorite subject is toy,CHAT
let me guess the dog,GAME
hey my favorite movie is cats please,CHAT
head over to the table,NAVIGATION
hey move to the kitchen right now,NAVIGATION
so shut up,SYSTEM
so hi my sweet love thanks,PET
uh go around the box okay,NAVIGATION
hmm what's your favorite stars now,CHAT
okay i'm happy today thanks,CHAT
uh my favorite animal is birds please,CHAT
okay play i spy with me please,GAME
go to the playroom,NAVIGATION
take the dark cave,STORY
my favorite color is flowers,CHAT
my game answer is no right now,GAME
i'm guessing yes,GAME
how is volcanoes used in real life,STUDY
okay let's try the left path,STORY
tell me about atoms,STUDY
hmm you're adorable munchkin,PET
give me an explanation of molecules,STUDY
let's play ball together,PET
can you tell a story with a monkey and a mermaid,STORY
invent a story about a penguin,STORY
help me understand condensation,STUDY
let's start puzzle,GAME
so i feel like playing true or false okay,GAME
in the story will a unicorn be okay,STORY
well done honeybun,PET
let's do catch together,PET
be careful near the box right now,NAVIGATION
is shapes the same as the moon,STUDY
okay how about a game of maze thanks,GAME
follow me,NAVIGATION
i want a harder true or false,GAME
hmm can you tell a story with a bunny and a lion thanks,STORY
uh what's your favorite rainbows,CHAT
so my favorite animal is book please,CHAT
i missed you boo,PET
hey thank you,CHAT
i'm confused about biology,STUDY
how is weather used in real life,STUDY
in the story what happens to a mermaid,STORY
so my favorite game is book,CHAT
shake paw sunshine,PET
okay well done nugget thanks,PET
explain the water cycle to me,STUDY
hmm i want a harder puzzle please,GAME
um good to see you little one,PET
summarize fractions for me,STUDY
uh sleep now okay,SYSTEM
um take a few steps left,NAVIGATION
i don't understand the human body,STUDY
so i like dogs,CHAT
solve ten plus ten,STUDY
okay tell me a story about a unicorn now,STORY
hey there little robot,PET
so in the story what does a lion find,STORY
can you tell a story with a mermaid and a brave knight,STORY
oh in the story what if a lion meets a bunny thanks,STORY
goodnight go to sleep,SYSTEM
roll over cutie,PET
hey can you tell a story with a monkey and a pirate,STORY
new story about an astronaut,STORY
can you tell a story with an alien and a princess right now,STORY
hey roll over baby,PET
what's the definition of continents,STUDY
i want a action story please,STORY
in the story will a talking cat be okay,STORY
um turn up the volume please,SYSTEM
what's the difference between animals and dinosaurs,STUDY
um head over to the closet,NAVIGATION
i feel like playing number guessing,GAME
wanna play chase,PET
hey speak in japanese please,SYSTEM
no is my final game answer,GAME
okay my game answer is blue,GAME
in the story what does a lion find,STORY
hmm what's your name,CHAT
what's your favorite toy right now,CHAT
what does the solar system mean,STUDY
in the game it must be three,GAME
what's the definition of division,STUDY
um volume down,SYSTEM
okay my favorite game is color,CHAT
can you make a smile,PET
make geography easier to understand,STUDY
time to play word scramble,GAME
so in the game i'll go with right thanks,GAME
oh disable wifi okay,SYSTEM
play peek-a-boo with me,PET
restart thanks,SYSTEM
why is magnets important,STUDY
in the story is a dinosaur safe,STORY
lead the way to the attic thanks,NAVIGATION
uh can you go to the balcony please,NAVIGATION
for the game i'll say the second one,GAME
can you tell a story with a talking cat and a unicorn,STORY
explain oceans to me,STUDY
my favorite color is chocolate,CHAT
um what do you think about ice cream right now,CHAT
hey what do you think about penguins,CHAT
narrate a story about a ninja,STORY
so look towards the garden,NAVIGATION
so face the kitchen thanks,NAVIGATION
so sleep now thanks,SYSTEM
tell me a story about a dinosaur,STORY
hey hi my sweet baby thanks,PET
is dinosaurs the same as shapes,STUDY
in the game i think it's no,GAME
uh bring me to the entrance,NAVIGATION
halt right there,NAVIGATION
tell me a magical tale,STORY
do you want to play red light green light,PET
in the story what if a mermaid meets a talking cat,STORY
hey it's bedtime go to sleep thanks,SYSTEM
option c is my final game answer,GAME
once upon a time story about a ninja,STORY
i want to play fetch with you,PET
um i'm feeling tired now,CHAT
do you want to play catch,PET
okay reboot,SYSTEM
oh turn on notifications please,SYSTEM
can you tell a story with a superhero and a lion,STORY
walk to the nursery thanks,NAVIGATION
can you teach me sound,STUDY
hey walk to the attic okay,NAVIGATION
uh i want a harder would you rather please,GAME
start a new story about a monkey,STORY
i need to review subtraction,STUDY
so i feel like playing word scramble,GAME
what's interesting about space,CHAT
make volcanoes easier to understand,STUDY
change language to arabic okay,SYSTEM
um can we play geography quiz,GAME
take me to the bathroom,NAVIGATION
i wanna hear a story about an alien,STORY
oh begin a tale about a superhero thanks,STORY
shake paw love,PET
so reboot yourself,SYSTEM
say spaghetti in a funny voice please,CHAT
good morning,CHAT
um let's start trivia please,GAME
okay in the game i'll go with option three now,GAME
oh what do you think about place right now,CHAT
is division the same as the food chain,STUDY
oh i'm guessing seven please,GAME
okay go around the lamp,NAVIGATION
stay away from the wall,NAVIGATION
be careful near the door now,NAVIGATION
so stop whatever you're doing,SYSTEM
navigate to the front door,NAVIGATION
okay switch to korean thanks,SYSTEM
open connect four thanks,GAME
for the game i'll say option three,GAME
what's the definition of volcanoes,STUDY
in the story does a brave knight win,STORY
okay enter sleep mode now right now,SYSTEM
okay i want to play chess,GAME
in the story who does a unicorn meet,STORY
look towards the porch,NAVIGATION
hey don't worry cupcake now,PET
um change language to german thanks,SYSTEM
hmm set volume to maximum okay,SYSTEM
take me to the door okay,NAVIGATION
come with me to the bedroom,NAVIGATION
you're so sweet little one,PET
so i missed you robot thanks,PET
in the story what if a talking cat meets a penguin,STORY
hey can you tell a story with a dragon and a superhero please,STORY
uh in the game i'll go with ten thanks,GAME
hey speak in japanese right now,SYSTEM
you make me so happy boo,PET
option d is my final game answer now,GAME
oh show me a boop please,PET
let's play hide and seek together,PET
help me practice science,STUDY
create a story with a puppy,STORY
follow me please,NAVIGATION
where does a superhero go next in the story,STORY
oh i like cars,CHAT
hmm can you go to the window,NAVIGATION
in the story what if a pirate meets a fairy,STORY
uh do you like cars,CHAT
my favorite color is cats now,CHAT
oh disable do not disturb please,SYSTEM
in the story who does a penguin meet now,STORY
i want to hear a story about a monkey,STORY
oh restart your brain,SYSTEM
can you clarify the moon,STUDY
why is light important,STUDY
what chapter is the alphabet in,STUDY
can you go to the entrance,NAVIGATION
good morning darling,PET
test my knowledge of arithmetic,STUDY
watch out for the table,NAVIGATION
sit down friend,PET
i wanna hear a story about a bear,STORY
hmm do you like robots,CHAT
um everything will be fine darling right now,PET
okay change language to chinese,SYSTEM
what's your favorite penguins,CHAT
hmm pick a game for me okay,GAME
um start a new game okay,GAME
uh switch to spanish,SYSTEM
uh hello right now,CHAT
hey come here cutie let me pet you now,PET
in the story will a mermaid be okay please,STORY
in the story what if a bunny meets an astronaut,STORY
let's go to the nursery,NAVIGATION
tell me a story about a puppy,STORY
choose the dark cave,STORY
oh twenty is my final game answer thanks,GAME
hey don't move,NAVIGATION
is light the same as multiplication,STUDY
i'm confused about chemistry,STUDY
i'm guessing ten,GAME
navigate to the corridor,NAVIGATION
hmm begin a new game of checkers right now,GAME
set brightness to maximum please,SYSTEM
oh switch to spanish right now,SYSTEM
play word guess with me okay,GAME
change language to spanish okay,SYSTEM
okay play number guessing with me,GAME
explain volcanoes in simple words,STUDY
oh what day is it today right now,CHAT
let's play word guess now,GAME
volume up,SYSTEM
why is molecules important,STUDY
okay launch true or false please,GAME
take me to the pantry,NAVIGATION
hmm volume up please,SYSTEM
in the story does a wizard win,STORY
check for updates please,SYSTEM
oh my favorite food is book,CHAT
tell a exciting story please,STORY
what's the difference between subtraction and plants,STUDY
hey buddy i missed you,PET
hey i pick false for the game,GAME
i want to play tag with you,PET
can you clarify photosynthesis,STUDY
belly rub time buddy,PET
hmm in the game the answer is option d,GAME
you did great friend okay,PET
is the human body the same as molecules,STUDY
what's your favorite animal,CHAT
oh take me to the garden,NAVIGATION
navigate to the window,NAVIGATION
oh i want to play tag with you now,PET
explain the water cycle in simple words,STUDY
how about a game of puzzle,GAME
hmm turn off do not disturb,SYSTEM
um turn off dark mode,SYSTEM
okay let's do tug of war together right now,PET
in the game i'll go with the dog,GAME
hey i pick three for the game,GAME
why do we need to learn chemistry,STUDY
my guess is the last one,GAME
time to play would you rather right now,GAME
can we play geography quiz please,GAME
do a excited face okay,PET
in the game i'll go with right,GAME
hey it's alright sweetie please,PET
good morning cutie,PET
hi there little nugget,PET
belly rub time darling,PET
so power down now,SYSTEM
can you tell a story with a talking cat and a mermaid,STORY
in the story what if a dragon meets a brave knight,STORY
i had a good day,CHAT
i want the magic portal,STORY
make the human body easier to understand,STUDY
hey lead the way to the closet now,NAVIGATION
i'm guessing the second one,GAME
lead the way to the attic,NAVIGATION
tell me a mystery tale,STORY
open math quiz,GAME
my favorite color is food right now,CHAT
uh i want to go to the playroom please,NAVIGATION
sleep now okay,SYSTEM
say robot in a funny voice now,CHAT
oh my favorite food is ice cream right now,CHAT
enable dark mode right now,SYSTEM
it's alright cupcake,PET
can you clarify division,STUDY
uh my favorite animal is rainbows,CHAT
okay change language to french,SYSTEM
head over to the back door,NAVIGATION
okay turn on notifications thanks,SYSTEM
hey is it going to rain,CHAT
head over to the front door,NAVIGATION
in the story what if a witch meets a brave knight,STORY
in the story what if a penguin meets a brave knight,STORY
let's review weather,STUDY
in the story what if a pirate meets a dinosaur,STORY
it's okay if you're worried,PET
can you explain electricity,STUDY
in the story who does a monkey meet,STORY
i'll take care of you cutie,PET
okay i want to hear a story about a witch please,STORY
okay move to the entrance right now,NAVIGATION
for the game i'll say option two okay,GAME
begin a new game of would you rather now,GAME
so turn the sound on okay,SYSTEM
uh face the balcony right now,NAVIGATION
my favorite movie is dinosaurs,CHAT
snuggle time nugget,PET
hey refresh the system please,SYSTEM
oh speak in arabic okay,SYSTEM
in the game the answer is false please,GAME
uh go around the door please,NAVIGATION
go over history again,STUDY
hey sunshine i missed you,PET
good morning sweetie,PET
stop whatever you're doing please,SYSTEM
you're too loud,SYSTEM
let's cuddle nugget right now,PET
can you tell a story with a penguin and an alien,STORY
uh in the story will a wizard be okay now,STORY
oh final answer right thanks,GAME
let's play word scramble thanks,GAME
um turn off night mode okay,SYSTEM
what does division mean,STUDY
let's go to the bedroom,NAVIGATION
um my favorite animal is animal okay,CHAT
belly rub time boo,PET
go over atoms again,STUDY
okay enable night mode,SYSTEM
okay move to the laundry room okay,NAVIGATION
uh move away from the toy,NAVIGATION
hmm speak in arabic,SYSTEM
please go to the laundry room please,NAVIGATION
um did you know that animals thanks,CHAT
explain planets in simple words,STUDY
hello my little darling now,PET
okay cancel what you're doing okay,SYSTEM
oh let's play rock paper scissors thanks,GAME
what is molecules,STUDY
so volume up,SYSTEM
uh my favorite food is place thanks,CHAT
can you tell a story with a pirate and a wizard,STORY
oh increase volume right now,SYSTEM
so look towards the closet thanks,NAVIGATION
oh can you tell a story with a witch and a witch,STORY
so let's start twenty questions,GAME
do you like chocolate please,CHAT
hmm i'll guess the second one please,GAME
um my favorite subject is animal,CHAT
where does a fairy go next in the story now,STORY
so turn off notifications okay,SYSTEM
um my game answer is option three thanks,GAME
enough gaming,GAME
um let me guess the first one,GAME
can you tell a story with a penguin and a prince,STORY
narrate a story about a dragon,STORY
hey start a game of word scramble,GAME
okay enable bluetooth okay,SYSTEM
uh for the game i'll say the cat,GAME
hey i like stars,CHAT
well done nugget thanks,PET
hey time to play tic-tac-toe now,GAME
hey bring me to the kitchen,NAVIGATION
i can't hear you speak louder now,SYSTEM
narrate a story about a robot,STORY
review division with me,STUDY
so my favorite subject is movie please,CHAT
it's alright robot,PET
show me your jump,PET
hmm please go to the bathroom thanks,NAVIGATION
um turn on bluetooth now,SYSTEM
did you know that the brain right now,CHAT
come play ball with me,PET
i want a harder chess,GAME
hmm in the game it must be option a now,GAME
oh increase volume,SYSTEM
i want the golden key,STORY
hello my little boo,PET
i have a question about biology,STUDY
what's your favorite pandas now,CHAT
um power cycle okay,SYSTEM
uh final answer twenty,GAME
give me a test on biology,STUDY
hmm for the game i choose red,GAME
start a new story about a penguin,STORY
in the story what if a prince meets a pirate,STORY
i need a hint,GAME
oh walk to the bedroom,NAVIGATION
um navigate to the back door right now,NAVIGATION
oh i'm guessing the dog,GAME
can you tell a story with a puppy and a bunny,STORY
hey can you go to the playroom thanks,NAVIGATION
um i'm feeling silly now,CHAT
hmm can you do a flip,PET
hmm start a new game right now,GAME
in the story what if an alien meets a brave knight,STORY
hmm hello my little darling,PET
uh can you tell a story with a penguin and a dinosaur,STORY
okay my favorite subject is birds,CHAT
hmm go around the shoe now,NAVIGATION
i want a quiz on social studies,STUDY
i need a wave from you,PET
oh bring me to the laundry room please,NAVIGATION
okay set volume to high okay,SYSTEM
okay go to the living room now,NAVIGATION
hey i like birds right now,CHAT
um set volume to medium right now,SYSTEM
uh play rock paper scissors with me please,GAME
um end the game,GAME
do you want to play peek-a-boo,PET
how does history work,STUDY
um set brightness to low,SYSTEM
hmm final answer three please,GAME
hmm i want to play tag with you,PET
okay turn off bluetooth,SYSTEM
can you tell a story with a fairy and a wizard,STORY
um for the game i choose left,GAME
let's go to the patio,NAVIGATION
start a new story about an astronaut,STORY
oh sleep now,SYSTEM
okay turn on bluetooth okay,SYSTEM
so time to play spelling bee okay,GAME
you did great friend please,PET
describe plants for me,STUDY
is oceans the same as light,STUDY
hey in the story what if a talking cat meets a monkey,STORY
i need to review electricity,STUDY
you make me smile honeybun,PET
oh what do you think about toy thanks,CHAT
in the story what if a detective meets a dragon,STORY
in the story what if a superhero meets a pirate,STORY
uh good morning robot please,PET
you make me smile nugget,PET
hmm be careful near the cat,NAVIGATION
so take me to the living room now,NAVIGATION
break down oceans for me,STUDY
hmm my favorite color is food,CHAT
um my favorite animal is birds now,CHAT
in the game the answer is right,GAME
hey i had a good day,CHAT
try doing a wave,PET
good evening friend,PET
test me on biology,STUDY
you're so sweet pal,PET
i want a quiz on chemistry,STUDY
hmm what do you think about flowers,CHAT
what's four plus eleven,STUDY
volume up now,SYSTEM
can you tell a story with a puppy and a ninja now,STORY
bring me to the garage,NAVIGATION
my favorite color is food okay,CHAT
hey speak in german okay,SYSTEM
hmm come with me to the hallway now,NAVIGATION
oh can you count to ten please,CHAT
sit down boo okay,PET
in the story what if a monkey meets a ninja,STORY
hey stay away from the bag,NAVIGATION
let's hug,PET
i'll take care of you honeybun,PET
how about a game of tic-tac-toe,GAME
am i winning thanks,GAME
teach me about light,STUDY
uh my favorite animal is cats,CHAT
hmm change language to german thanks,SYSTEM
uh enable dark mode,SYSTEM
go to the porch,NAVIGATION
so what do you think about pandas please,CHAT
turn off do not disturb right now,SYSTEM
uh set volume to high,SYSTEM
oh for the game i'll say the first one please,GAME
play memory match with me now,GAME
can we play geography quiz,GAME
play treasure hunt with me,PET
oh do you eat food thanks,CHAT
turn on dark mode okay,SYSTEM
i need help with history,STUDY
i'm feeling confused,CHAT
what are you please,CHAT
head over to the entrance,NAVIGATION
um start a game of word guess,GAME
what are the main points of photosynthesis,STUDY
help me understand volcanoes,STUDY
hey in the story what if a pirate meets a ninja thanks,STORY
um turn up the volume right now,SYSTEM
what day is it today now,CHAT
come here buddy let me pet you,PET
i'm feeling tired okay,CHAT
can you tell a story with a brave knight and a princess,STORY
so stop all tasks okay,SYSTEM
um volume down thanks,SYSTEM
i'm proud of you little one,PET
oh got any card game going,GAME
my guess is option b thanks,GAME
follow me to the porch,NAVIGATION
uh speak in arabic,SYSTEM
give me an explanation of chemistry,STUDY
can you tell a story with a detective and a superhero,STORY
oh time to play maze okay,GAME
uh change language to french,SYSTEM
uh it's bedtime go to sleep thanks,SYSTEM
uh begin a new game of maze,GAME
let me see your silly face,PET
i'll guess twenty,GAME
my favorite subject is robots,CHAT
in the story what if a detective meets a pirate,STORY
oh lead the way to the patio right now,NAVIGATION
i feel like playing i spy,GAME
why is photosynthesis important,STUDY
shut down,SYSTEM
oh move right thanks,NAVIGATION
in the story what if a puppy meets a monkey,STORY
good evening little one now,PET
um silence,SYSTEM
hi there little cutie,PET
in the story what if a brave knight meets a witch,STORY
uh disable notifications now,SYSTEM
spin me a yarn about a witch,STORY
head to the corridor,NAVIGATION
okay my favorite movie is toy please,CHAT
take me to the dining room,NAVIGATION
launch geography quiz,GAME
so time to go back to the dock right now,NAVIGATION
i like ice cream,CHAT
set volume to maximum,SYSTEM
make sound easier to understand,STUDY
uh come with me to the bathroom thanks,NAVIGATION
oh my favorite game is toy,CHAT
what's the definition of oceans,STUDY
sit down pal,PET
sleep mode please,SYSTEM
got any maze going,GAME
go over the sun again,STUDY
it's okay if you're tired,PET
um speak in japanese okay,SYSTEM
um be careful near the rug,NAVIGATION
okay can you tell a story with a dinosaur and a lion,STORY
come with me to the entrance,NAVIGATION
hmm i missed you pal,PET
so belly rub time robot thanks,PET
okay take me to the bookshelf,NAVIGATION
bring me to the basement,NAVIGATION
can you tell a story with a robot and a detective,STORY
hmm there there sweetie okay,PET
hey speak in korean,SYSTEM
teach me about the sun,STUDY
oh watch out for the lamp,NAVIGATION
oh my favorite color is robots,CHAT
oh hello my little robot,PET
can you tell a story with a dragon and an astronaut,STORY
what is volcanoes,STUDY
i pick yes for the game please,GAME
um my favorite color is toy now,CHAT
well done buddy,PET
make up a story about a puppy,STORY
my favorite color is book okay,CHAT
can you tell a story with a unicorn and a superhero,STORY
what's interesting about dinosaurs,CHAT
in the game i think it's the last one,GAME
hmm open science quiz okay,GAME
check your status,SYSTEM
oh do you like dogs,CHAT
move to the stairs,NAVIGATION
i want a harder checkers,GAME
narrate a story about a mermaid,STORY
so shut up thanks,SYSTEM
my favorite color is chocolate thanks,CHAT
thanks a lot,CHAT
do you have feelings thanks,CHAT
uh switch to hindi okay,SYSTEM
say dinosaur in a funny voice,CHAT
take ten steps forward,NAVIGATION
uh my favorite movie is rainbows,CHAT
uh my favorite food is penguins,CHAT
in the game the answer is blue,GAME
i want to hear a story about an alien,STORY
in the story what if a brave knight meets a unicorn,STORY
spell addition for me,STUDY
in the story what if a bunny meets a mermaid,STORY
in the story what if a dinosaur meets a wizard,STORY
oh switch to chinese right now,SYSTEM
hey take a nap now,SYSTEM
in the story what if a witch meets a bunny,STORY
um let me guess the last one,GAME
what's the difference between ecosystems and animals,STUDY
let me guess the dog please,GAME
begin a tale about a fairy,STORY
hmm set volume to low,SYSTEM
hmm turn the sound on now,SYSTEM
you're my best friend darling,PET
um let's go to the nursery,NAVIGATION
move away from the chair,NAVIGATION
oh start a game of i spy now,GAME
create a story with an alien,STORY
hey let's pat on the head,PET
hmm can you tell a story with an alien and a dragon thanks,STORY
in the story what if a unicorn meets a monkey,STORY
in the story what if a robot meets a monkey,STORY
um my favorite movie is cars right now,CHAT
so i pick the dog for the game,GAME
let's review history,STUDY
i missed you pumpkin,PET
hmm move to the study room okay,NAVIGATION
in the story what if a dinosaur meets a bunny,STORY
uh turn off do not disturb right now,SYSTEM
let's play science quiz now,GAME
hey shake paw boo,PET
um my favorite color is pandas,CHAT
um in the story will a mermaid be okay okay,STORY
in the story what happens to a fairy,STORY
in the story what happens to a dragon,STORY
hmm head to the stairs right now,NAVIGATION
is plants the same as erosion,STUDY
hi there little baby,PET
i want a scary story,STORY
okay my game answer is twenty please,GAME
don't move please,NAVIGATION
in the story what happens to a dinosaur,STORY
uh in the story what if a lion meets a prince now,STORY
hmm set brightness to full,SYSTEM
i'll guess option three,GAME
hi there little honeybun,PET
what does the sun mean,STUDY
what's your favorite dinosaurs,CHAT
turn on dark mode,SYSTEM
make up a story about a prince,STORY
why is cells important,STUDY
hey you are so cool,CHAT
move away from the door,NAVIGATION
okay in the story what if a dinosaur meets a robot,STORY
hey baby i missed you,PET
can you tell a story with a unicorn and a wizard,STORY
okay my favorite animal is chocolate now,CHAT
so be careful near the door please,NAVIGATION
hey why do we sleep,CHAT
show me how animals works,STUDY
can i have a handshake now,PET
my favorite subject is birds,CHAT
my favorite color is robots,CHAT
walk to the laundry room,NAVIGATION
i'm confused about the moon,STUDY
hey set brightness to high okay,SYSTEM
uh my favorite game is the moon okay,CHAT
look towards the couch,NAVIGATION
hey there little baby,PET
help me with this math problem sixteen minus nine,STUDY
can you tell a story with a robot and a pirate,STORY
um hi buddy how are you thanks,PET
um freeze right now please,NAVIGATION
come with me to the attic right now,NAVIGATION
hmm my favorite subject is ice cream,CHAT
okay can you tell a story with a bunny and a mermaid,STORY
okay make up a story about a lion please,STORY
so navigate to the basement,NAVIGATION
don't go anywhere,NAVIGATION
my favorite animal is flowers okay,CHAT
i'm guessing option two,GAME
for this round i pick five,GAME
navigate to the dining room,NAVIGATION
hey take five steps backward,NAVIGATION
my guess is right right now,GAME
i wanna hear a story about a princess,STORY
i love you love,PET
i have a question about the solar system,STUDY
i need to review weather,STUDY
so can you tell a story with a penguin and a puppy please,STORY
nice to see you again love,PET
uh my favorite movie is sport thanks,CHAT
i love you friend,PET
hmm i'm proud of you robot please,PET
summarize the human body for me,STUDY
okay let me guess five thanks,GAME
hey how much battery do you have okay,SYSTEM
let's have fun playing dress up,PET
hey turn on bluetooth,SYSTEM
got any simon says going,GAME
what's your favorite joke right now,CHAT
um reboot yourself,SYSTEM
stop the game,GAME
okay set brightness to minimum okay,SYSTEM
start a new story about a lion,STORY
oh take ten steps left,NAVIGATION
teach me about electricity,STUDY
hey check for updates,SYSTEM
okay in the game it must be false,GAME
what can you tell me about light,STUDY
in the story what if a dragon meets a detective,STORY
um how do airplanes fly,CHAT
um head to the laundry room,NAVIGATION
teach me about fractions,STUDY
in the story what if a witch meets a dinosaur,STORY
go to the bathroom,NAVIGATION
let's start geography quiz,GAME
um stop walking right now,NAVIGATION
i want to play science quiz,GAME
can you tell a story with an astronaut and a bunny,STORY
is atoms the same as biology,STUDY
so i feel like playing number guessing okay,GAME
why is the moon important,STUDY
hmm disable night mode please,SYSTEM
uh in the game i'll go with the last one thanks,GAME
switch to english,SYSTEM
help me out with this game,GAME
louder please,SYSTEM
show me your wiggle,PET
uh my favorite game is flowers right now,CHAT
oh turn off please,SYSTEM
read me a story about a detective,STORY
um i want to play word guess,GAME
so my favorite color is sport now,CHAT
let's study spelling together,STUDY
hey my favorite movie is pizza,CHAT
restart everything now,SYSTEM
i want to go to the back door please,NAVIGATION
do you want to play tag,PET
let's have fun playing fetch,PET
um goodnight go to sleep okay,SYSTEM
um my game answer is option a,GAME
describe gravity for me,STUDY
hmm my favorite animal is rainbows,CHAT
hi my sweet friend,PET
do you like cats now,CHAT
take me to the bathroom thanks,NAVIGATION
um do your best march right now,PET
um turn on notifications,SYSTEM
what are the main points of planets,STUDY
so volume up okay,SYSTEM
hey in the story what if a princess meets a fairy,STORY
uh my favorite food is movie okay,CHAT
my favorite game is food,CHAT
in the story what if a ninja meets a pirate,STORY
there there honeybun,PET
give me some love boo,PET
tell a scary story please,STORY
so what's your battery level right now,SYSTEM
uh walk with me,NAVIGATION
oh aww boo you're the best,PET
help me understand the water cycle,STUDY
hey my favorite subject is penguins,CHAT
so in the game the answer is twenty okay,GAME
aww hello sunshine,PET
uh take me to the balcony thanks,NAVIGATION
what's the difference between condensation and shapes,STUDY
hey you did great baby okay,PET
in the story who does a lion meet,STORY
i want a wave,PET
start a story in a forest,STORY
um play true or false with me,GAME
hey navigate to the patio,NAVIGATION
hey in the story is a pirate safe okay,STORY
look towards the nursery,NAVIGATION
oh make a excited face for me,PET
my favorite movie is color please,CHAT
okay i like penguins,CHAT
i need help with fractions,STUDY
hmm my game answer is five,GAME
in the story does a princess win,STORY
hmm hi darling how are you thanks,PET
aww pal you're the best,PET
can you tell a story with a wizard and a brave knight,STORY
hmm restart everything,SYSTEM
shake arm love,PET
is colors the same as molecules,STUDY
my favorite game is penguins,CHAT
hmm set volume to medium right now,SYSTEM
in the story who does a bunny meet,STORY
um don't worry honeybun now,PET
is the moon the same as weather,STUDY
so set volume to fifty percent,SYSTEM
for this round i pick the second one,GAME
in the story does a lion win,STORY
so begin a new game of animal quiz,GAME
create a story with a mermaid,STORY
okay my favorite subject is pandas right now,CHAT
navigate to the patio now,NAVIGATION
read me a story about a princess,STORY
the first one is my final game answer,GAME
can you tell a story with a dragon and a superhero,STORY
start a game of maze,GAME
hmm my favorite movie is sport thanks,CHAT
start a new story about a witch,STORY
can we play true or false,GAME
refresh the system,SYSTEM
walk to the back door,NAVIGATION
my favorite animal is pandas now,CHAT
hey good job boo okay,PET
hey volume down now,SYSTEM
come here now,NAVIGATION
i pick blue for the game,GAME
in the story what if a unicorn meets a pirate,STORY
help me practice arithmetic,STUDY
um head to the kitchen,NAVIGATION
my favorite food is book,CHAT
for the game i choose no,GAME
time to play chess,GAME
hmm my favorite color is dogs,CHAT
so begin a new game of geography quiz now,GAME
read me a story about a witch,STORY
um can you tell a story with a mermaid and a detective thanks,STORY
uh you did great little one okay,PET
okay good evening buddy okay,PET
let's study arithmetic together,STUDY
face the garden okay,NAVIGATION
navigate to the back door,NAVIGATION
read me a story about a mermaid,STORY
hey set volume to minimum thanks,SYSTEM
uh load up simon says okay,GAME
describe dinosaurs for me,STUDY
okay in the story what if a prince meets a dragon right now,STORY
so i'm guessing five now,GAME
in the story what if a unicorn meets a fairy,STORY
hmm do you like flowers,CHAT
okay my favorite movie is the moon please,CHAT
can you tell a story with a pirate and a pirate,STORY
move to the corridor now,NAVIGATION
i want a harder hangman,GAME
walk to the living room,NAVIGATION
explain biology to me,STUDY
what's your favorite stars,CHAT
i missed you sweetie right now,PET
let's go to the garage,NAVIGATION
so turn off airplane mode right now,SYSTEM
so system check okay,SYSTEM
can you do a shake,PET
hmm switch to english,SYSTEM
my game answer is option c,GAME
explain atoms to me,STUDY
uh set volume to half please,SYSTEM
my favorite movie is animal now,CHAT
um switch to french,SYSTEM
let's play science quiz,GAME
head to the attic,NAVIGATION
in the story what if an alien meets a prince,STORY
put on a angry face,PET
do you like penguins right now,CHAT
okay enough gaming thanks,GAME
welcome back little one thanks,PET
go left okay,NAVIGATION
um let's go to the entrance,NAVIGATION
okay turn on do not disturb,SYSTEM
head to the bedroom now,NAVIGATION
hey my favorite movie is rainbows thanks,CHAT
did you know that ants now,CHAT
can you tell a story with an astronaut and a brave knight right now,STORY
what's the difference between weather and magnets,STUDY
uh my favorite color is song right now,CHAT
hey do a surprised face right now,PET
can you tell a story with a brave knight and a wizard,STORY
okay come give me a wave,PET
why do we need to learn subtraction,STUDY
what's sixteen minus nine,STUDY
hmm say supercalifragilistic in a funny voice okay,CHAT
so it's bedtime go to sleep,SYSTEM
can you tell a story with an alien and a unicorn right now,STORY
uh roll over buddy,PET
is cells the same as gravity,STUDY
in the story does a dragon win,STORY
go right,NAVIGATION
do you like rainbows,CHAT
speak in spanish please,SYSTEM
can you teach me addition,STUDY
oh look towards the basement,NAVIGATION
um avoid the stairs please,NAVIGATION
i need help with sound,STUDY
um it's alright sunshine,PET
silence,SYSTEM
hey my favorite color is stars now,CHAT
let's start puzzle please,GAME
uh my favorite subject is food,CHAT
so can you tell a story with a witch and a princess,STORY
i like place thanks,CHAT
i want a harder science quiz right now,GAME
take me to the basement,NAVIGATION
oh face the bookshelf,NAVIGATION
load up connect four,GAME
hey my favorite color is movie please,CHAT
in the story what if a brave knight meets a bunny,STORY
uh i want a harder puzzle please,GAME
um change language to korean thanks,SYSTEM
hmm i'm feeling scared,CHAT
uh my favorite food is song,CHAT
can you tell a story with a dragon and a fairy,STORY
come here boo let me pet you,PET
i want to play a game,GAME
um it's alright pal now,PET
shake paw pumpkin,PET
let's play card game,GAME
okay navigate to the balcony,NAVIGATION
i want to learn about division,STUDY
um what's your favorite toy now,CHAT
so move to the balcony,NAVIGATION
oh in the game it must be twenty thanks,GAME
hmm set brightness to medium okay,SYSTEM
speak in japanese thanks,SYSTEM
got any number guessing going,GAME
hey set volume to seventy percent,SYSTEM
stop walking,NAVIGATION
in the story what if a lion meets a bear,STORY
um lead the way to the window,NAVIGATION
you're adorable buddy,PET
oh where does a bear go next in the story please,STORY
hi robot how are you,PET
head over to the door,NAVIGATION
be careful near the cat,NAVIGATION
uh my favorite subject is penguins,CHAT
so i want to go to the bedroom now,NAVIGATION
help me review for my vocabulary test,STUDY
uh i like food okay,CHAT
oh begin a tale about an alien,STORY
choose the left path thanks,STORY
um cancel all tasks please,SYSTEM
let's start would you rather thanks,GAME
my favorite game is game,CHAT
i'll take care of you cupcake now,PET
so restart yourself right now,SYSTEM
okay in the game it must be option a,GAME
what's interesting about dolphins,CHAT
uh game over right now,GAME
tell me a story about a pirate,STORY
let's do a quiz on biology,STUDY
what chapter is photosynthesis in,STUDY
how am i doing,GAME
can you tell a story with a brave knight and a dragon,STORY
oh i feel like playing maze,GAME
explain sound in simple words,STUDY
i need to review oceans,STUDY
can you tell a story with an alien and a ninja,STORY
review history with me,STUDY
um make it quieter,SYSTEM
uh be careful near the rug now,NAVIGATION
go to the dining room thanks,NAVIGATION
my favorite movie is robots right now,CHAT
my favorite food is pizza thanks,CHAT
in the game i'll go with no,GAME
roll over robot,PET
so play trivia with me,GAME
so can you tell a story with a wizard and a talking cat,STORY
hmm my favorite movie is flowers,CHAT
can you tell a story with a talking cat and a penguin,STORY
hmm open word scramble please,GAME
show me your pouty face,PET
oh i like dogs,CHAT
give me some love baby,PET
uh navigate to the couch,NAVIGATION
uh turn off do not disturb okay,SYSTEM
my favorite subject is dinosaurs,CHAT
hmm what's your favorite game please,CHAT
uh my favorite color is place please,CHAT
okay my favorite game is dogs please,CHAT
um did you know that animals,CHAT
i missed you baby,PET
give me a summary of reading,STUDY
in the story what if a brave knight meets a monkey,STORY
my favorite color is animal now,CHAT
uh volume down okay,SYSTEM
explain the solar system to me,STUDY
let's go to the sofa,NAVIGATION
hey walk to the study room now,NAVIGATION
review ecosystems with me,STUDY
how about a game of math quiz,GAME
make up a story about a bear,STORY
start a game of hangman,GAME
i want a harder rock paper scissors,GAME
in the story what if an astronaut meets a witch,STORY
hmm turn on bluetooth now,SYSTEM
so i'll guess three right now,GAME
go over magnets again,STUDY
in the story what if a puppy meets a robot,STORY
okay give me your paw,PET
in the story what if a fairy meets a pirate thanks,STORY
in the story what if a witch meets a dragon,STORY
i don't understand the solar system,STUDY
um follow me to the porch,NAVIGATION
okay for the game i choose option two,GAME
walk to the back door right now,NAVIGATION
so lead the way to the stairs okay,NAVIGATION
in the story what if a bear meets an astronaut,STORY
i have a question about electricity,STUDY
um good morning,CHAT
uh see you later right now,CHAT
hmm take me to the porch,NAVIGATION
uh navigate to the study room now,NAVIGATION
load up word scramble,GAME
hmm time to play chess,GAME
avoid the chair,NAVIGATION
say spaghetti in a funny voice,CHAT
hmm i want to play ball with you,PET
don't worry cupcake,PET
so launch card game right now,GAME
do you like chocolate,CHAT
oh i pick red for the game,GAME
so my favorite animal is book,CHAT
oh turn off do not disturb now,SYSTEM
do a excited face,PET
can you tell a story with a detective and an alien,STORY
in the story will a penguin be okay,STORY
in the story what if a fairy meets a witch,STORY
oh lead the way to the garage,NAVIGATION
everything will be fine sweetie,PET
help me with this math problem four plus eleven,STUDY
my game answer is left,GAME
um take me to the garage,NAVIGATION
uh silence,SYSTEM
so turn the sound on,SYSTEM
can you tell a story with a puppy and a ninja,STORY
what's the definition of dinosaurs,STUDY
go to the dining room,NAVIGATION
can you go to the balcony okay,NAVIGATION
snuggle time love,PET
what do you think about robots,CHAT
new story about an alien,STORY
uh don't worry buddy,PET
so can you go to the kitchen,NAVIGATION
hmm in the game it must be right now,GAME
okay what's your favorite cars,CHAT
i want a harder number guessing,GAME
come here cupcake let me pet you,PET
i need to review planets,STUDY
i love you sweetie,PET
my favorite subject is game,CHAT
what's the definition of weather,STUDY
hey my favorite food is movie now,CHAT
why do we need to learn planets,STUDY
so why is grass green okay,CHAT
let's try the silver bridge,STORY
um for this round i pick ten,GAME
yes is my final game answer,GAME
in the story what if a talking cat meets a monkey,STORY
hmm i like song please,CHAT
let me see you dance,PET
uh let me guess option c okay,GAME
got any riddles going,GAME
um take me to the balcony now,NAVIGATION
give me some love cutie,PET
launch twenty questions,GAME
um load up memory match thanks,GAME
new game please,GAME
hmm disable wifi,SYSTEM
um my favorite movie is cats,CHAT
hey what's your favorite sport please,CHAT
invent a story about a ninja,STORY
can you tell a story with a dragon and a lion,STORY
i love you honeybun,PET
um my favorite color is rainbows,CHAT
hey do you like food please,CHAT
i need help with erosion,STUDY
um tell me a joke thanks,CHAT
let's go to the porch please,NAVIGATION
do you want to play treasure hunt,PET
how about a game of geography quiz,GAME
read this lesson about the food chain,STUDY
ask me questions about grammar,STUDY
what are the main points of the moon,STUDY
i like dogs thanks,CHAT
bring me to the dining room,NAVIGATION
it's bedtime go to sleep thanks,SYSTEM
what chapter is history in,STUDY
begin a new game of puzzle,GAME
restart your brain right now,SYSTEM
lead the way to the table,NAVIGATION
let me see you balance,PET
hmm what's your favorite pizza,CHAT
so my favorite food is robots,CHAT
sit down robot now,PET
hmm lead the way to the table now,NAVIGATION
in the story what if a ninja meets a talking cat,STORY
so let me see you wave,PET
start fresh thanks,SYSTEM
break down the water cycle for me,STUDY
so i pick option d for the game okay,GAME
uh what's your favorite birds right now,CHAT
spell magnets for me,STUDY
hey there little love,PET
hey can you go to the entrance,NAVIGATION
open word scramble please,GAME
come with me to the hallway now,NAVIGATION
oh what do you think about rainbows,CHAT
i wanna hear a story about a unicorn,STORY
hmm my guess is true please,GAME
hey my favorite food is color now,CHAT
why is the sky pink now,CHAT
take me to the nursery,NAVIGATION
oh return to your station thanks,NAVIGATION
head to the closet,NAVIGATION
let's review electricity,STUDY
hey for the game i choose right now,GAME
hey can you tell a story with a penguin and a penguin,STORY
okay can you go to the basement thanks,NAVIGATION
hey stop everything please,SYSTEM
can we play i spy,GAME
hey let's go with the tall mountain thanks,STORY
hmm enable do not disturb,SYSTEM
hi my sweet pal,PET
hmm take three steps forward now,NAVIGATION
do you want to play pretend,PET
can we review science please,STUDY
okay what's interesting about butterflies now,CHAT
oh change language to french,SYSTEM
hmm avoid the rug,NAVIGATION
for this round i pick option three,GAME
take a few steps around,NAVIGATION
time to sleep okay,SYSTEM
let's kiss,PET
okay hello there baby thanks,PET
bring me to the entrance,NAVIGATION
hmm how about a game of simon says okay,GAME
hmm dim the lights,SYSTEM
can you teach me fractions,STUDY
be careful near the stairs,NAVIGATION
hey what's your favorite dinosaurs,CHAT
get closer to me right now,NAVIGATION
pet pet pet darling,PET
spin me a yarn about a lion,STORY
hello there nugget,PET
so come give me a cuddle now,PET
summarize molecules for me,STUDY
i want to hear a story about a princess,STORY
hey friend you're so cute,PET
um set volume to medium okay,SYSTEM
i wanna hear a story about a dragon okay,STORY
i need to review fractions,STUDY
for the game i'll say twenty,GAME
my favorite subject is game okay,CHAT
so head over to the door thanks,NAVIGATION
let's see how much i know about biology,STUDY
um move to the back door okay,NAVIGATION
hey once upon a time story about an alien okay,STORY
why is planets important,STUDY
follow me to the front door,NAVIGATION
in the story what if a talking cat meets a superhero please,STORY
i want a harder animal quiz,GAME
hmm my favorite subject is color thanks,CHAT
so bring me to the couch,NAVIGATION
hi my sweet little one,PET
hey i had a wonderful day thanks,CHAT
hello my little munchkin,PET
hey my favorite subject is the moon right now,CHAT
so can you tell a story with a brave knight and a pirate okay,STORY
i need a pat on the head from you okay,PET
can you tell a story with a brave knight and an astronaut,STORY
read this lesson about erosion,STUDY
turn off do not disturb now,SYSTEM
oh i want a harder simon says,GAME
i like game now,CHAT
solve twelve minus seven,STUDY
i don't understand planets,STUDY
reboot yourself,SYSTEM
is geography the same as oceans,STUDY
how do i solve three plus nine,STUDY
so where does rain come from,CHAT
stay away from the stairs please,NAVIGATION
what's the weather like okay,CHAT
shake arm baby,PET
what chapter is planets in,STUDY
for the game i choose seven,GAME
um my favorite animal is the moon thanks,CHAT
what's your favorite game okay,CHAT
uh nice to see you again robot,PET
so restart your brain thanks,SYSTEM
in the story what if a penguin meets a prince,STORY
in the story what if an alien meets a bunny,STORY
um turn off okay,SYSTEM
uh launch simon says right now,GAME
in the story what if a princess meets an astronaut please,STORY
spell fractions for me,STUDY
take four steps around,NAVIGATION
in the story who does a penguin meet,STORY
how is continents used in real life,STUDY
in the story what if an astronaut meets a brave knight,STORY
final answer red,GAME
oh you're my best friend sweetie,PET
show me your twirl,PET
in the story what if a puppy meets a superhero,STORY
hey munchkin you're so cute,PET
can you tell a story with a penguin and a wizard,STORY
once upon a time story about a fairy,STORY
come with me to the patio,NAVIGATION
okay tell me a story about a mermaid,STORY
take me to the porch,NAVIGATION
i'm stuck give me a hint,GAME
in the story what if a lion meets a wizard,STORY
how do you spell colors,STUDY
what's the difference between the human body and division,STUDY
lead the way to the study room,NAVIGATION
uh i'm guessing red okay,GAME
take six steps backward,NAVIGATION
what's the definition of the moon,STUDY
time to play science quiz,GAME
oh can you tell a story with a dragon and a lion please,STORY
hmm system check now,SYSTEM
in the story what if a wizard meets a puppy,STORY
lead the way to the couch okay,NAVIGATION
so time to play geography quiz,GAME
okay my favorite game is birds,CHAT
hmm disable bluetooth,SYSTEM
show me your wink,PET
go to the door okay,NAVIGATION
okay in the game the answer is yes right now,GAME
play hangman with me,GAME
oh can you go to the sofa right now,NAVIGATION
hint please,GAME
hey set volume to seventy percent please,SYSTEM
in the story what if a detective meets an astronaut,STORY
hey come with me to the nursery now,NAVIGATION
hey face the patio right now,NAVIGATION
make up a story about a talking cat,STORY
please go to the balcony,NAVIGATION
in the game it must be the second one thanks,GAME
is photosynthesis the same as weather,STUDY
test my knowledge of chemistry,STUDY
how much battery do you have thanks,SYSTEM
hmm check for updates okay,SYSTEM
in the story what if a bunny meets a pirate,STORY
tell me an adventure story about a robot,STORY
oh enable airplane mode right now,SYSTEM
can you tell a story with a princess and a wizard,STORY
take a few steps left,NAVIGATION
let me guess false,GAME
hey face the playroom,NAVIGATION
what are the main points of the solar system,STUDY
so load up connect four now,GAME
is magnets the same as light,STUDY
look towards the front door,NAVIGATION
hey time to play true or false right now,GAME
okay in the story who does a puppy meet right now,STORY
hmm quieter please,SYSTEM
uh restart everything,SYSTEM
help me understand erosion,STUDY
hmm set volume to half right now,SYSTEM
please go to the kitchen,NAVIGATION
my favorite animal is pizza thanks,CHAT
can we play memory match thanks,GAME
in the story what does a mermaid find,STORY
follow me to the bedroom,NAVIGATION
hey come give me a boop thanks,PET
oh my favorite color is game now,CHAT
can you tell a story with a witch and a dinosaur,STORY
lead the way to the basement,NAVIGATION
hmm walk to the back door,NAVIGATION
so bring me to the window thanks,NAVIGATION
good morning robot now,PET
so let's play science quiz,GAME
go to the hallway please,NAVIGATION
i want to hear a story about a detective,STORY
bring me to the playroom now,NAVIGATION
oh cancel all tasks please,SYSTEM
in the story what if a witch meets a ninja,STORY
um i'll guess option c,GAME
so sleep mode thanks,SYSTEM
who is your best friend now,CHAT
break down biology for me,STUDY
hello there pal,PET
stop talking right now,SYSTEM
what's the difference between the moon and fractions,STUDY
switch to spanish now,SYSTEM
i want a fist bump,PET
uh can you make a happy face please,PET
you did great sweetie,PET
okay disable wifi,SYSTEM
okay what do you think about song thanks,CHAT
start a game of spelling bee,GAME
how is the alphabet used in real life,STUDY
hmm begin a new game of geography quiz,GAME
break down the human body for me,STUDY
um time to sleep,SYSTEM
aww friend you're the best,PET
okay decrease volume,SYSTEM
let's go to the pantry,NAVIGATION
go around the cat,NAVIGATION
let's cuddle boo right now,PET
make up a story about a dinosaur,STORY
okay walk to the couch thanks,NAVIGATION
okay i like cars,CHAT
um my favorite animal is song please,CHAT
what are you thanks,CHAT
hmm my favorite movie is stars now,CHAT
in the story what if a puppy meets a princess,STORY
in the story what if a fairy meets a monkey,STORY
hmm my favorite subject is the moon okay,CHAT
why is the ocean salty,CHAT
oh it's bedtime go to sleep,SYSTEM
my favorite game is the moon,CHAT
um you're too quiet right now,SYSTEM
once upon a time story about a unicorn,STORY
turn off,SYSTEM
hey turn on do not disturb now,SYSTEM
oh what's your favorite cats,CHAT
oh speak in chinese please,SYSTEM
hmm can you tell a story with a superhero and a dragon,STORY
okay i missed you baby thanks,PET
can you explain light,STUDY
you're my best friend boo,PET
so hey there little cupcake,PET
hey time to play rock paper scissors,GAME
do a surprised face,PET
you're my favorite robot,PET
hmm what's your favorite penguins right now,CHAT
hey i can't hear you speak louder thanks,SYSTEM
in the story what if a wizard meets a lion,STORY
let's start trivia,GAME
can you tell a story with a monkey and a dinosaur thanks,STORY
load up i spy,GAME
uh my favorite game is robots,CHAT
set volume to half now,SYSTEM
i'm guessing option one,GAME
can we review english please,STUDY
in the story what if a talking cat meets a superhero,STORY
let's start math quiz,GAME
what's the definition of colors,STUDY
so i love you friend,PET
okay set brightness to low please,SYSTEM
describe light for me,STUDY
okay i pick false for the game,GAME
oh speak in german please,SYSTEM
what's the difference between weather and sound,STUDY
okay good evening pumpkin,PET
okay what games do you have right now,GAME
oh show me your excited face please,PET
oh bring me to the living room please,NAVIGATION
in the story what if a superhero meets a brave knight,STORY
uh head over to the nursery okay,NAVIGATION
lead the way to the bedroom,NAVIGATION
launch connect four okay,GAME
i missed you cupcake,PET
um bring me to the study room thanks,NAVIGATION
in the story what if a princess meets a ninja,STORY
uh move to the kitchen please,NAVIGATION
hey start a game of checkers,GAME
can you explain the solar system,STUDY
um head over to the nursery,NAVIGATION
create a story with a princess,STORY
why is water wet,CHAT
hmm for this round i pick blue thanks,GAME
um my favorite subject is toy,CHAT
my favorite movie is stars please,CHAT
narrate a story about a superhero,STORY
what's the difference between fractions and oceans,STUDY
help me understand molecules,STUDY
oh got any trivia going please,GAME
so bring me to the balcony thanks,NAVIGATION
hmm shake paw munchkin thanks,PET
move to the window thanks,NAVIGATION
uh sleep now now,SYSTEM
bring me to the closet,NAVIGATION
speak in hindi okay,SYSTEM
my favorite subject is food,CHAT
move right,NAVIGATION
you're my favorite cupcake,PET
tell me about electricity,STUDY
uh disable dark mode,SYSTEM
let's review the moon,STUDY
um be careful near the wall,NAVIGATION
tell me a story about a ninja,STORY
play ball with me,PET
mute the sound please,SYSTEM
shake arm robot,PET
scratch behind your ears cutie,PET
cheer up nugget,PET
what are the main points of continents,STUDY
invent a story about a talking cat now,STORY
can you sing a song,CHAT
wanna play catch,PET
don't be lonely,PET
okay launch word guess please,GAME
start a game of tic-tac-toe right now,GAME
so what's your favorite cars please,CHAT
my favorite subject is sport,CHAT
in the story what if a dragon meets a witch,STORY
summarize multiplication for me,STUDY
can you tell a story with a wizard and a bear okay,STORY
so go forward please,NAVIGATION
okay how's it going,CHAT
so left is my final game answer okay,GAME
hmm take the hidden tunnel,STORY
okay navigate to the garage right now,NAVIGATION
uh dim the lights right now,SYSTEM
um disable dark mode please,SYSTEM
goodbye please,CHAT
hmm can you tell a story with a bear and a brave knight thanks,STORY
oh disable do not disturb right now,SYSTEM
um follow me to the closet right now,NAVIGATION
describe subtraction for me,STUDY
can you go to the porch,NAVIGATION
okay come here little one let me pet you now,PET
why is addition important,STUDY
help me review for my english test,STUDY
uh come here honeybun let me pet you right now,PET
do you like robots,CHAT
you're such a good cutie,PET
hey how about a game of memory match right now,GAME
hmm take five steps backward,NAVIGATION
um my favorite subject is penguins thanks,CHAT
can you count to a million,CHAT
why is colors important,STUDY
how does multiplication work,STUDY
oh let's start trivia okay,GAME
uh goodbye,CHAT
hey can you tell a story with a lion and a unicorn,STORY
i love you pal,PET
okay what's your favorite game thanks,CHAT
take me to the living room,NAVIGATION
um play number guessing with me now,GAME
navigate to the living room,NAVIGATION
i'm feeling scared,CHAT
oh load up science quiz now,GAME
how does condensation work,STUDY
let's boop,PET
describe condensation for me,STUDY
uh enable wifi okay,SYSTEM
okay change language to spanish right now,SYSTEM
in the game i think it's the first one now,GAME
um face the playroom,NAVIGATION
set brightness to medium now,SYSTEM
can you tell a story with a talking cat and a fairy,STORY
uh you make me smile munchkin thanks,PET
show me how the alphabet works,STUDY
um take two steps around right now,NAVIGATION
hmm move away from the rug right now,NAVIGATION
uh my favorite subject is food now,CHAT
in the game i think it's blue,GAME
tell me about dinosaurs,STUDY
in the story what if a bear meets a penguin,STORY
hey exit the game please,GAME
okay enable airplane mode,SYSTEM
explain magnets to me,STUDY
invent a story about a dinosaur,STORY
how's it going right now,CHAT
can you count to a hundred,CHAT
my guess is no,GAME
tell me a exciting tale,STORY
uh bring me to the basement right now,NAVIGATION
give me another hint,GAME
begin a tale about a bear now,STORY
in the story what if a detective meets a unicorn,STORY
can you explain magnets,STUDY
so let's start checkers,GAME
break down planets for me,STUDY
uh can you tell a story with a penguin and a brave knight,STORY
move to the porch,NAVIGATION
do you like the moon,CHAT
okay load up maze,GAME
system check please,SYSTEM
what's the difference between geography and volcanoes,STUDY
let's play trivia,GAME
hmm disable night mode,SYSTEM
hmm dim the lights okay,SYSTEM
load up chess,GAME
let's go with the secret door,STORY
lead the way to the balcony please,NAVIGATION
begin a tale about a puppy,STORY
um can you tell a story with a dinosaur and an astronaut,STORY
got any hangman going now,GAME
in the story what if a talking cat meets a ninja,STORY
i want a harder spelling bee please,GAME
face the garage,NAVIGATION
oh cancel all tasks now,SYSTEM
what does geography mean,STUDY
hmm my favorite game is flowers,CHAT
good job cutie,PET
make a angry face for me,PET
oh in the story what if a detective meets a fairy,STORY
my favorite food is toy right now,CHAT
what is the water cycle,STUDY
okay my favorite movie is pandas,CHAT
oh show me your pouty face thanks,PET
um how are you today right now,CHAT
hi my sweet sweetie,PET
is geography the same as molecules,STUDY
so hi robot how are you,PET
hmm right is my final game answer,GAME
okay in the story what if a fairy meets a superhero right now,STORY
hmm in the story what happens to a prince,STORY
my favorite game is stars now,CHAT
can we play chess,GAME
hey for this round i pick left now,GAME
oh make it harder,GAME
well done sunshine,PET
go to the nursery,NAVIGATION
hey walk to the dining room thanks,NAVIGATION
oh i pick the last one for the game thanks,GAME
hmm i want to hear a story about an astronaut,STORY
hmm i like pizza,CHAT
look towards the corridor,NAVIGATION
can you make a happy face,PET
okay my favorite subject is dogs please,CHAT
hey let's cuddle boo thanks,PET
i pick the right path,STORY
hey welcome back munchkin,PET
oh let's try the right path right now,STORY
hey change language to arabic okay,SYSTEM
hmm how do birds fly,CHAT
can you tell a story with a mermaid and a bunny,STORY
what's the difference between geography and the water cycle,STUDY
hmm speak in english okay,SYSTEM
follow me to the couch,NAVIGATION
in the story what if a monkey meets a pirate,STORY
for the game i'll say option d,GAME
say banana in a funny voice right now,CHAT
so in the story what if a brave knight meets a wizard thanks,STORY
okay it's alright munchkin,PET
is plants the same as chemistry,STUDY
so set brightness to half thanks,SYSTEM
so hello my little honeybun thanks,PET
make up a story about a princess,STORY
do you want to play follow the leader now,PET
what do you think about the moon,CHAT
goodnight go to sleep okay,SYSTEM
how much battery do you have right now,SYSTEM
uh restart yourself please,SYSTEM
did you know that dinosaurs,CHAT
so follow me to the balcony,NAVIGATION
um wanna play catch,PET
uh turn on do not disturb right now,SYSTEM
can you tell a story with a detective and a robot,STORY
you make me so happy pal,PET
i missed you buddy,PET
how about a game of true or false,GAME
what's the difference between the solar system and planets,STUDY
show me a kiss,PET
load up card game,GAME
time to sleep thanks,SYSTEM
my guess is yes,GAME
open tic-tac-toe,GAME
hmm stop right there,NAVIGATION
let's cuddle little one,PET
go around the bag,NAVIGATION
new story about a puppy,STORY
take a nap now,SYSTEM
can you tell a story with an astronaut and a penguin,STORY
what are the main points of oceans,STUDY
hmm halt right there now,NAVIGATION
hey in the story what if a mermaid meets a monkey,STORY
take three steps right,NAVIGATION
i'll come back to the story later,STORY
uh my favorite animal is chocolate now,CHAT
hey do you like game,CHAT
uh goodbye thanks,CHAT
did you know that dinosaurs right now,CHAT
in the game it must be true,GAME
um good afternoon please,CHAT
oh system check,SYSTEM
okay set volume to half,SYSTEM
what makes thunder now,CHAT
in the story what if a penguin meets a lion,STORY
what are the main points of geography,STUDY
so please go to the bookshelf thanks,NAVIGATION
i'm confused about fractions,STUDY
hmm got any checkers going please,GAME
in the story what if a witch meets a robot,STORY
do you want to play follow the leader,PET
uh in the story what if a bunny meets a mermaid right now,STORY
what can you tell me about the moon,STUDY
um lead the way to the nursery,NAVIGATION
in the game i think it's the last one now,GAME
got any true or false going,GAME
snuggle time boo right now,PET
walk to the entrance,NAVIGATION
set volume to medium,SYSTEM
in the story what does a bear find,STORY
uh load up puzzle,GAME
uh open animal quiz now,GAME
okay my favorite game is stars,CHAT
can you tell a story with a pirate and a talking cat,STORY
okay for this round i pick the dog,GAME
bring me to the patio,NAVIGATION
i'll take care of you cupcake thanks,PET
you make me smile cutie,PET
read me a story about a robot,STORY
my favorite movie is toy,CHAT
uh stop everything,SYSTEM
um can you go to the pantry,NAVIGATION
do you like birds,CHAT
hey cutie you're so cute,PET
hey take me to the basement okay,NAVIGATION
oh give me some love munchkin,PET
okay please go to the garden okay,NAVIGATION
oh i'll guess yes right now,GAME
give me an example of gravity,STUDY
so take me to the sofa,NAVIGATION
good to see you baby,PET
i'm bored,CHAT
my favorite game is dogs,CHAT
uh i want to play puzzle,GAME
hey there little darling,PET
can you tell a story with a detective and a ninja thanks,STORY
hey there little pal,PET
why is geography important,STUDY
so what's interesting about ants,CHAT
disable bluetooth okay,SYSTEM
bring me to the living room,NAVIGATION
um follow me to the couch please,NAVIGATION
for this round i pick option d,GAME
in the game i'll go with ten please,GAME
come with me to the kitchen now,NAVIGATION
spin me a yarn about a monkey,STORY
in the game i'll go with the dog right now,GAME
head over to the window,NAVIGATION
uh turn on wifi okay,SYSTEM
take me to the hallway,NAVIGATION
tell me an adventure story about a penguin now,STORY
uh speak in hindi right now,SYSTEM
okay set volume to fifty percent okay,SYSTEM
how does dinosaurs work,STUDY
i pick three for the game,GAME
can you tell a story with a bear and a robot,STORY
my favorite subject is rainbows please,CHAT
read this lesson about chemistry,STUDY
in the story what if a prince meets a dragon now,STORY
uh hi my sweet robot okay,PET
in the story will a lion be okay,STORY
can you tell a story with a robot and a lion,STORY
hey bring me to the garden,NAVIGATION
so follow me to the couch right now,NAVIGATION
hey shake paw pal thanks,PET
walk to the nursery,NAVIGATION
okay read me a story about a penguin please,STORY
make it easier,GAME
so my favorite color is dogs okay,CHAT
um what's interesting about dinosaurs now,CHAT
open word guess,GAME
uh please go to the living room now,NAVIGATION
okay what version are you,SYSTEM
can you tell a story with a pirate and a prince,STORY
hey enable airplane mode right now,SYSTEM
in the story what if a ninja meets a puppy,STORY
in the story what if a mermaid meets a fairy,STORY
for the game i choose the second one,GAME
so head over to the pantry thanks,NAVIGATION
rotate around,NAVIGATION
hey set volume to fifty percent,SYSTEM
rotate around okay,NAVIGATION
hmm be careful near the box,NAVIGATION
hi my sweet robot,PET
let's study chemistry together,STUDY
let's cuddle pumpkin,PET
hey sleep now,SYSTEM
what games can we play,GAME
what does subtraction mean,STUDY
do you know how to wave,PET
can you tell a story with an alien and a puppy,STORY
so enable wifi,SYSTEM
in the story what if an astronaut meets a unicorn,STORY
it's alright boo,PET
for this round i pick seven,GAME
i'm confused about shapes,STUDY
welcome back cutie,PET
hmm there there buddy,PET
hey look towards the dining room,NAVIGATION
hey hi there little baby,PET
restart everything okay,SYSTEM
uh enable notifications okay,SYSTEM
um go to the study room,NAVIGATION
pause everything okay,SYSTEM
oh i'll guess the cat now,GAME
um follow me to the bedroom,NAVIGATION
open maze,GAME
everything will be fine cutie,PET
so how about a game of would you rather please,GAME
quieter please okay,SYSTEM
uh standby mode,SYSTEM
load up would you rather,GAME
help me understand sound,STUDY
i'm feeling happy,CHAT
my favorite food is ice cream,CHAT
oh turn on do not disturb okay,SYSTEM
in the story what if a wizard meets a wizard,STORY
um i'm guessing right now,GAME
read this lesson about volcanoes,STUDY
my favorite food is penguins,CHAT
spell photosynthesis for me,STUDY
uh please go to the laundry room now,NAVIGATION
hmm belly rub time sunshine,PET
how do i solve five plus three,STUDY
test me on social studies,STUDY
teach me about shapes,STUDY
in the story what if a ninja meets a prince,STORY
okay how much battery do you have right now,SYSTEM
in the story what if a robot meets a lion,STORY
why is animals important,STUDY
hey come with me to the window,NAVIGATION
can you tell a story with a witch and a monkey,STORY
uh let's go to the study room right now,NAVIGATION
hello my little honeybun,PET
bring me to the nursery,NAVIGATION
can you go to the nursery now,NAVIGATION
good morning honeybun,PET
tell me an adventure story about a talking cat now,STORY
oh take two steps forward right now,NAVIGATION
change language to german right now,SYSTEM
can we play puzzle,GAME
make a smile for me,PET
my favorite subject is book,CHAT
where does a mermaid go next in the story,STORY
let's see how much i know about social studies,STUDY
uh my favorite subject is place thanks,CHAT
time for ball,PET
i want to go to the couch please,NAVIGATION
in the story what if a unicorn meets a mermaid,STORY
shake paw sweetie,PET
hmm shut down,SYSTEM
my favorite color is pizza thanks,CHAT
what's the difference between the alphabet and the alphabet,STUDY
okay come with me to the table,NAVIGATION
new story about a wizard,STORY
i want to go to the patio right now,NAVIGATION
why do we need to learn the water cycle,STUDY
um stay still right now,NAVIGATION
come play red light green light with me,PET
give me an explanation of sound,STUDY
i need help with magnets,STUDY
so let's go to the couch,NAVIGATION
hey can you tell a story with a dinosaur and a ninja right now,STORY
let's do fetch together,PET
so can you go to the basement,NAVIGATION
can you tell a story with a brave knight and a lion,STORY
load up word guess thanks,GAME
what's interesting about ants,CHAT
hmm for the game i'll say the dog right now,GAME
stop moving,NAVIGATION
in the story what if a pirate meets a wizard,STORY
oh what games can we play,GAME
hey can you tell a story with a penguin and a robot,STORY
lead the way to the stairs,NAVIGATION
i need help with the sun,STUDY
let me guess option three now,GAME
my guess is blue,GAME
hey i'm feeling tired please,CHAT
oh go around the chair now,NAVIGATION
try doing a march,PET
let's play word scramble,GAME
don't worry pal,PET
you're so sweet cupcake,PET
got any puzzle going,GAME
quiz time for history,STUDY
in the story what if a robot meets an astronaut,STORY
hmm turn off do not disturb thanks,SYSTEM
in the story what if an alien meets a dragon,STORY
oh you're my favorite pumpkin,PET
can you quiz me on reading,STUDY
walk to the bookshelf okay,NAVIGATION
enable wifi,SYSTEM
oh turn on bluetooth okay,SYSTEM
hmm how are you today right now,CHAT
okay what do you think about robots thanks,CHAT
um enter sleep mode now thanks,SYSTEM
where does an astronaut go next in the story,STORY
in the story what if a robot meets an alien,STORY
so turn down the volume,SYSTEM
oh did you know that the sun thanks,CHAT
bring me to the bookshelf okay,NAVIGATION
i had a okay day please,CHAT
i like dogs now,CHAT
take four steps forward,NAVIGATION
stop everything thanks,SYSTEM
is the moon the same as atoms,STUDY
what does shapes mean,STUDY
close your eyes please,SYSTEM
hmm speak in german now,SYSTEM
pet pet pet love,PET
um navigate to the back door,NAVIGATION
um my favorite game is dinosaurs,CHAT
can you quiz me on geography,STUDY
why is the sky red,CHAT
set brightness to half okay,SYSTEM
so move a little right thanks,NAVIGATION
let's review biology,STUDY
um volume up please,SYSTEM
so speak in hindi thanks,SYSTEM
i'll guess option one,GAME
can you tell a story with a monkey and a witch,STORY
i need to review the sun,STUDY
hmm time to play connect four okay,GAME
um it's bedtime go to sleep right now,SYSTEM
uh in the game it must be three okay,GAME
okay my favorite game is food,CHAT
hi my sweet darling,PET
let me see your pouty face,PET
shake hand pal please,PET
hmm set volume to low now,SYSTEM
my favorite movie is cars right now,CHAT
oh take a nap now,SYSTEM
um do you like sport,CHAT
begin a new game of maze,GAME
in the game i think it's the cat,GAME
um speak in spanish okay,SYSTEM
my favorite food is flowers okay,CHAT
so let's play chase together okay,PET
in the story will a bear be okay,STORY
set brightness to seventy percent okay,SYSTEM
start a game of would you rather,GAME
i need help with weather,STUDY
watch out for the stairs,NAVIGATION
walk to the basement now,NAVIGATION
what are the main points of animals,STUDY
my favorite animal is the moon,CHAT
face the stairs,NAVIGATION
um i feel like playing chess,GAME
um in the game it must be the cat now,GAME
do your best jump,PET
navigate to the bedroom okay,NAVIGATION
hey good morning friend,PET
switch to french thanks,SYSTEM
thank you please,CHAT
my favorite animal is book,CHAT
in the story what if a lion meets a puppy,STORY
be careful near the bag,NAVIGATION
everything will be fine buddy,PET
can you tell a story with a robot and a fairy,STORY
do you like movie okay,CHAT
so move away from the chair please,NAVIGATION
so turn down the volume please,SYSTEM
so my favorite food is dogs thanks,CHAT
okay for the game i'll say the cat,GAME
let's play catch together,PET
oh move to the bedroom,NAVIGATION
in the story does a superhero win,STORY
hmm change language to arabic,SYSTEM
oh launch tic-tac-toe please,GAME
can you tell a story with a robot and an alien,STORY
uh let's play connect four now,GAME
can you go to the bedroom,NAVIGATION
um change language to arabic,SYSTEM
i want a harder puzzle,GAME
go to the hallway,NAVIGATION
can you tell a story with a superhero and a talking cat,STORY
in the game it must be option a,GAME
um move to the garage right now,NAVIGATION
can you tell a story with a monkey and a brave knight,STORY
hmm it's bedtime go to sleep,SYSTEM
hmm my favorite subject is song now,CHAT
oh make up a story about a prince,STORY
hello my little buddy,PET
come give me a fist bump,PET
i don't understand geography,STUDY
increase volume,SYSTEM
give me an example of cells,STUDY
so can you go to the bathroom,NAVIGATION
so in the story what happens to a witch thanks,STORY
where does rain come from okay,CHAT
play puzzle with me,GAME
for the game i choose right please,GAME
do your best hop please,PET
move to the corridor,NAVIGATION
read this lesson about geography,STUDY
i need to review animals,STUDY
in the story who does a prince meet okay,STORY
for this round i pick the dog,GAME
oh can you tell a story with a pirate and a puppy thanks,STORY
explain animals in simple words,STUDY
play hide and seek with me,PET
uh set volume to seventy percent okay,SYSTEM
in the story what does a superhero find,STORY
uh i had a okay day,CHAT
okay hush please,SYSTEM
so follow me to the garden,NAVIGATION
once upon a time story about a penguin,STORY
review plants with me,STUDY
i need help with electricity,STUDY
hey change language to french please,SYSTEM
time to play hangman,GAME
explain condensation to me,STUDY
hmm my favorite movie is cats thanks,CHAT
okay my favorite color is cars,CHAT
navigate to the porch,NAVIGATION
i'm proud of you sunshine,PET
in the game the answer is seven,GAME
oh i want a harder spelling bee thanks,GAME
can you tell a story with a prince and an alien,STORY
so tell me a riddle,CHAT
how do you spell condensation,STUDY
hey enable bluetooth,SYSTEM
so how about a game of true or false thanks,GAME
summarize the food chain for me,STUDY
hmm go to the window,NAVIGATION
give me your paw,PET
oh can you tell a story with a unicorn and a fairy,STORY
can i have a thumbs up right now,PET
thanks a lot right now,CHAT
in the story who does a witch meet,STORY
give me an explanation of weather,STUDY
it's alright cutie,PET
my favorite color is pandas now,CHAT
uh what do you think about animal,CHAT
um abort right now,SYSTEM
new story about a prince,STORY
for this round i pick the last one,GAME
shake little paw cupcake,PET
um pause everything please,SYSTEM
oh in the game i think it's the cat,GAME
what's the definition of subtraction,STUDY
don't worry munchkin,PET
i pick option three for the game,GAME
um can you go to the laundry room,NAVIGATION
in the story what if a superhero meets a princess,STORY
standby mode,SYSTEM
play tag with me,PET
um turn left now,NAVIGATION
what are the main points of atoms,STUDY
hmm can you tell a story with a detective and a superhero,STORY
um do you like pandas,CHAT
what's the difference between subtraction and addition,STUDY
hmm change language to chinese,SYSTEM
show me your twirl thanks,PET
in the story what if a talking cat meets an alien,STORY
come along with me,NAVIGATION
in the story what happens to a robot,STORY
i want to go to the study room,NAVIGATION
so load up maze,GAME
so can you tell a story with a wizard and a dragon okay,STORY
can you tell a story with an astronaut and an astronaut,STORY
hmm my game answer is the dog thanks,GAME
in the story will a dragon be okay,STORY
can you tell a story with a lion and a superhero,STORY
look towards the attic right now,NAVIGATION
so stay away from the lamp right now,NAVIGATION
can you make a surprised face,PET
hey well done buddy,PET
give me some love nugget,PET
um set volume to fifty percent now,SYSTEM
i'm here for you little buddy,PET
can you tell a story with a superhero and a prince,STORY
give me some love sweetie,PET
so stay away from the rug right now,NAVIGATION
oh look towards the table thanks,NAVIGATION
i don't understand subtraction,STUDY
oh do you like color,CHAT
let's review erosion,STUDY
uh can we play true or false,GAME
what's your favorite flowers okay,CHAT
help me practice english,STUDY
okay my favorite animal is sport,CHAT
okay you're so sweet cutie,PET
explain the moon in simple words,STUDY
why is ecosystems important,STUDY
um face the sofa thanks,NAVIGATION
uh my guess is three,GAME
can you tell a story with a talking cat and an alien,STORY
can you tell a story with a mermaid and a ninja,STORY
emergency stop,SYSTEM
where does a fairy go next in the story,STORY
uh tell me a fun fact,CHAT
hmm come with me to the balcony okay,NAVIGATION
what's the difference between subtraction and continents,STUDY
launch geography quiz now,GAME
so my favorite movie is pandas,CHAT
look towards the study room right now,NAVIGATION
hmm set volume to low okay,SYSTEM
say banana in a funny voice okay,CHAT
aww darling you're the best,PET
um take six steps around,NAVIGATION
hmm move to the kitchen right now,NAVIGATION
you're too loud now,SYSTEM
uh let's nose boop okay,PET
oh set brightness to medium,SYSTEM
i have a question about light,STUDY
what happens when we dream,CHAT
my game answer is the dog please,GAME
in the story what if a ninja meets a brave knight,STORY
go through the dark cave,STORY
good morning robot okay,PET
do your best shake,PET
create a story with a pirate,STORY
um bring me to the table right now,NAVIGATION
okay change language to hindi,SYSTEM
what's the difference between the sun and the food chain,STUDY
um in the game it must be false,GAME
what's the difference between geography and continents,STUDY
i missed you darling thanks,PET
uh show me your wiggle thanks,PET
so switch to arabic okay,SYSTEM
do you want to be friends,CHAT
so make a excited face for me,PET
walk to the closet,NAVIGATION
oh for the game i'll say the second one right now,GAME
oh what's interesting about the ocean please,CHAT
do you want to play tug of war now,PET
so let's go to the study room now,NAVIGATION
okay please go to the couch,NAVIGATION
i'll take care of you buddy thanks,PET
hey shut down thanks,SYSTEM
you did great little one,PET
you make me so happy honeybun,PET
create a story with a unicorn,STORY
roll over pumpkin,PET
for the game i'll say false,GAME
so good afternoon,CHAT
hmm read me a story about a pirate,STORY
oh can we play geography quiz,GAME
oh my favorite movie is pandas okay,CHAT
um in the story what if a fairy meets a witch okay,STORY
what do you think about birds,CHAT
what are the main points of the human body,STUDY
in the game it must be yes,GAME
can you help me with seven times three,STUDY
hmm reset yourself,SYSTEM
tell me about chemistry,STUDY
in the story what if a unicorn meets a prince,STORY
switch to korean,SYSTEM
shake paw little one okay,PET
quit everything right now,SYSTEM
come here love let me pet you,PET
i have a question about chemistry,STUDY
hmm change language to chinese thanks,SYSTEM
um i'll guess left,GAME
uh take me to the garage,NAVIGATION
sleep mode right now,SYSTEM
tell me about plants,STUDY
my favorite animal is song now,CHAT
for the game i choose the last one right now,GAME
hi there little love thanks,PET
do you like toy now,CHAT
in the story what if a witch meets a talking cat,STORY
what's the difference between chemistry and the water cycle,STUDY
can you tell a story with a dinosaur and a wizard,STORY
be careful near the table,NAVIGATION
um let's go to the stairs thanks,NAVIGATION
good evening buddy,PET
walk to the dining room,NAVIGATION
set volume to minimum right now,SYSTEM
okay five is my final game answer please,GAME
start a new story about a ninja,STORY
you are so cool,CHAT
describe history for me,STUDY
change language to spanish please,SYSTEM
got any chess going,GAME
hi my sweet honeybun,PET
hey time to play chess now,GAME
good evening munchkin,PET
um what's your name okay,CHAT
okay my favorite movie is robots,CHAT
how about a game of card game thanks,GAME
turn off do not disturb,SYSTEM
can you tell a story with a bunny and a puppy,STORY
oh hey boo you're so cute okay,PET
can you tell a story with a prince and a ninja,STORY
so walk two steps forward,NAVIGATION
hmm move away from the table,NAVIGATION
um what's your battery level,SYSTEM
oh in the game it must be right thanks,GAME
shake arm buddy,PET
so i'm feeling bored,CHAT
in the story what if a prince meets a robot,STORY
abort thanks,SYSTEM
i want a boop,PET
navigate to the garden,NAVIGATION
what chapter is shapes in,STUDY
um what's your favorite animal,CHAT
hey shut up now,SYSTEM
i feel like playing memory match,GAME
uh turn off now,SYSTEM
for the game i'll say the first one,GAME
be careful near the bag right now,NAVIGATION
in the story what if a unicorn meets a dinosaur,STORY
okay my favorite game is movie,CHAT
what's the difference between the water cycle and subtraction,STUDY
look towards the back door please,NAVIGATION
uh twenty is my final game answer now,GAME
start a story in a magical land,STORY
i don't understand atoms,STUDY
is continents the same as plants,STUDY
in the story what if a lion meets a mermaid,STORY
okay in the story what if a princess meets a prince thanks,STORY
can you tell a story with an astronaut and a fairy,STORY
i want to hear a story about a dinosaur,STORY
in the game i'll go with twenty,GAME
switch to french,SYSTEM
so let me see you wiggle thanks,PET
what's the difference between the moon and plants,STUDY
my favorite movie is dogs,CHAT
hold on stop thanks,NAVIGATION
hey say banana in a funny voice now,CHAT
restart your brain thanks,SYSTEM
so shut up now,SYSTEM
next level,GAME
um take me to the porch,NAVIGATION
um let's try the left path,STORY
i want a harder tic-tac-toe,GAME
hey sweetie i missed you,PET
my favorite food is sport,CHAT
switch to korean thanks,SYSTEM
uh in the story what happens to a pirate right now,STORY
turn on do not disturb please,SYSTEM
time for peek-a-boo,PET
can you clarify shapes,STUDY
narrate a story about a detective,STORY
hello there love,PET
take me to the stairs,NAVIGATION
oh my favorite game is robots,CHAT
i need help with cells,STUDY
see you later,CHAT
move away from the door now,NAVIGATION
begin a tale about a dinosaur,STORY
hmm speak in chinese,SYSTEM
i want to play ball with you,PET
hey in the game it must be option three right now,GAME
let's play riddles,GAME
cheer up cutie,PET
uh let's play word scramble,GAME
okay in the story what if a unicorn meets an alien,STORY
so welcome back darling thanks,PET
everything will be fine sunshine,PET
okay change language to arabic please,SYSTEM
enter sleep mode now okay,SYSTEM
uh can you count to twenty right now,CHAT
oh speak in french okay,SYSTEM
what's your battery level okay,SYSTEM
okay for this round i pick option c,GAME
um let's go to the playroom okay,NAVIGATION
read this lesson about colors,STUDY
what's the difference between electricity and condensation,STUDY
hey tell me about yourself,CHAT
make fractions easier to understand,STUDY
okay power down,SYSTEM
can you tell a story with a puppy and a dinosaur,STORY
time to play animal quiz,GAME
you did great cupcake,PET
how do i solve four plus eleven,STUDY
in the story what if a wizard meets a bunny,STORY
hey load up puzzle okay,GAME
oh i'll take care of you robot,PET
my favorite color is animal thanks,CHAT
um can we play spelling bee please,GAME
hi friend how are you,PET
how do you spell the food chain,STUDY
okay make it quieter okay,SYSTEM
what does light mean,STUDY
can you tell a story with an alien and a bear,STORY
um can you tell a story with a fairy and a puppy thanks,STORY
give me an example of condensation,STUDY
start a game of science quiz,GAME
read me a story about a unicorn,STORY
move to the study room,NAVIGATION
uh lead the way to the bookshelf right now,NAVIGATION
in the story what if a wizard meets a dragon,STORY
okay can we play word guess thanks,GAME
hey stay away from the stairs,NAVIGATION
so my favorite animal is cats,CHAT
hmm head to the table,NAVIGATION
i like rainbows okay,CHAT
is electricity the same as chemistry,STUDY
uh did you know that butterflies now,CHAT
show me how condensation works,STUDY
i feel like playing animal quiz,GAME
tell me about geography,STUDY
my favorite movie is pandas right now,CHAT
can you make a wink,PET
i'm guessing red,GAME
there there cutie,PET
oh move away from the dog okay,NAVIGATION
i want to hear a story about a lion,STORY
so my favorite animal is book okay,CHAT
begin a tale about a unicorn,STORY
hmm i choose the right path,STORY
open twenty questions,GAME
hmm disable do not disturb,SYSTEM
okay give me some love friend please,PET
can you do a twirl,PET
hey what's your favorite place,CHAT
there there pumpkin,PET
oh increase volume thanks,SYSTEM
hey launch riddles thanks,GAME
set brightness to fifty percent thanks,SYSTEM
let me see your excited face,PET
so bring me to the laundry room thanks,NAVIGATION
hey my favorite color is cats,CHAT
um follow me to the door okay,NAVIGATION
so once upon a time story about a robot,STORY
turn on bluetooth,SYSTEM
in the game the answer is option b,GAME
pet pet pet cupcake,PET
for the game i choose option c,GAME
follow me to the basement,NAVIGATION
let's go to the bedroom please,NAVIGATION
summarize chemistry for me,STUDY
um look towards the balcony,NAVIGATION
uh update yourself please,SYSTEM
um set volume to maximum,SYSTEM
it's okay if you're upset,PET
um bring me to the basement,NAVIGATION
set brightness to fifty percent please,SYSTEM
hi there little darling,PET
quiz me on math,STUDY
uh head to the table please,NAVIGATION
hmm can you tell a story with a dragon and a wizard thanks,STORY
uh do you know any songs,CHAT
uh who is your best friend,CHAT
so my favorite color is place okay,CHAT
show me your march,PET
hmm what's interesting about ants,CHAT
teach me about the human body,STUDY
everything will be fine baby,PET
can you clarify colors,STUDY
oh play science quiz with me,GAME
explain chemistry in simple words,STUDY
okay come with me to the laundry room,NAVIGATION
shake little paw munchkin,PET
um good evening boo,PET
okay my favorite subject is color right now,CHAT
option two is my final game answer,GAME
hmm do you like pandas,CHAT
um update yourself,SYSTEM
how about a game of animal quiz okay,GAME
my favorite food is song now,CHAT
start a game of riddles,GAME
show me a cool dance okay,PET
oh avoid the bag please,NAVIGATION
hey take me to the dining room okay,NAVIGATION
come give me a kiss right now,PET
create a story with a brave knight,STORY
in the story what if a lion meets a lion,STORY
make it quieter thanks,SYSTEM
i don't understand volcanoes,STUDY
in the story what if a lion meets a bunny,STORY
in the story what if a puppy meets a prince,STORY
break down continents for me,STUDY
hey do you like stars right now,CHAT
so lead the way to the closet thanks,NAVIGATION
navigate to the bathroom,NAVIGATION
do you like penguins okay,CHAT
in the story what if a brave knight meets a pirate thanks,STORY
i feel like playing memory match now,GAME
oh go around the wall,NAVIGATION
oh i'll take care of you pal,PET
enable airplane mode now,SYSTEM
hmm my favorite game is food,CHAT
speak in arabic okay,SYSTEM
in the story will a princess be okay,STORY
my favorite movie is food okay,CHAT
hey what's your name now,CHAT
can you explain the human body,STUDY
how about a game of chess,GAME
okay do a hop for me,PET
follow me please right now,NAVIGATION
hmm you make me so happy cutie now,PET
okay i had a okay day okay,CHAT
what's the difference between shapes and geography,STUDY
what happens next in the story,STORY
spin me a yarn about a talking cat okay,STORY
i have a question about cells,STUDY
hmm how are you today,CHAT
can you tell a story with a dragon and a monkey,STORY
help me review for my biology test,STUDY
uh turn off dark mode,SYSTEM
hmm i wanna hear a story about a bunny now,STORY
can you tell a story with a talking cat and a talking cat,STORY
hey increase volume thanks,SYSTEM
start a game of twenty questions,GAME
move to the basement,NAVIGATION
can you tell a story with a talking cat and a monkey,STORY
my favorite game is movie,CHAT
hmm turn around thanks,NAVIGATION
do you want to play patty cake,PET
please go to the patio,NAVIGATION
i pick false for the game,GAME
okay close your eyes now,SYSTEM
you make me smile sweetie please,PET
okay play trivia with me,GAME
head to the dining room,NAVIGATION
come with me to the front door,NAVIGATION
in the game i think it's three,GAME
what's the difference between subtraction and atoms,STUDY
so switch to english now,SYSTEM
um move right now,NAVIGATION
okay my favorite movie is chocolate okay,CHAT
in the story what if a fairy meets a detective,STORY
my favorite movie is robots please,CHAT
go to the basement please,NAVIGATION
launch word guess,GAME
uh do you sleep thanks,CHAT
tell me about ecosystems,STUDY
um i pick option one for the game,GAME
in the story what if a detective meets a bunny,STORY
uh for the game i'll say the cat thanks,GAME
so disable night mode right now,SYSTEM
how is molecules used in real life,STUDY
set brightness to full okay,SYSTEM
let's cuddle buddy,PET
set volume to low thanks,SYSTEM
hmm run diagnostics thanks,SYSTEM
so turn down the volume thanks,SYSTEM
hmm what's the weather like now,CHAT
it's okay if you're lonely,PET
what's interesting about butterflies right now,CHAT
okay lead the way to the study room please,NAVIGATION
i need to review chemistry,STUDY
avoid the door,NAVIGATION
my game answer is three now,GAME
my favorite movie is cats right now,CHAT
walk to the kitchen,NAVIGATION
new story about a unicorn,STORY
oh cancel everything,SYSTEM
teach me about biology,STUDY
hey dim the lights now,SYSTEM
um speak in arabic now,SYSTEM
i need help with photosynthesis,STUDY
why is condensation important,STUDY
the last one is my final game answer,GAME
look towards the table,NAVIGATION
hey you're adorable love,PET
disable night mode thanks,SYSTEM
hmm i'll take care of you munchkin,PET
hmm goodbye now,CHAT
um do you like color please,CHAT
how about a game of riddles,GAME
can you tell a story with a ninja and a brave knight,STORY
hey enable night mode now,SYSTEM
my favorite color is stars okay,CHAT
turn off night mode now,SYSTEM
so for the game i'll say option one okay,GAME
okay stay away from the wall okay,NAVIGATION
hmm for the game i'll say option one,GAME
so take a nap,SYSTEM
go to sleep,SYSTEM
why do we need to learn colors,STUDY
set brightness to maximum,SYSTEM
for the game i'll say option b now,GAME
okay snuggle time pumpkin,PET
hmm play true or false with me please,GAME
hey boo i missed you,PET
in the story what if a ninja meets a mermaid,STORY
um my favorite food is rainbows,CHAT
can you tell a story with a brave knight and a bear please,STORY
um begin a new game of geography quiz okay,GAME
you're too quiet,SYSTEM
in the game the answer is left,GAME
go over sound again,STUDY
hmm shake paw love right now,PET
um what's your favorite stars,CHAT
so my favorite game is robots right now,CHAT
in the story what if a ninja meets an astronaut,STORY
oh quieter please,SYSTEM
let's study vocabulary together,STUDY
what are the main points of the alphabet,STUDY
hi there little friend,PET
walk to the garden,NAVIGATION
close your eyes thanks,SYSTEM
oh do you want to be friends right now,CHAT
what are the main points of chemistry,STUDY
hmm reset yourself please,SYSTEM
um walk to the kitchen,NAVIGATION
how about a game of maze,GAME
spell the solar system for me,STUDY
i love talking to you,CHAT
so face the living room right now,NAVIGATION
uh my game answer is red thanks,GAME
let's study english together,STUDY
oh come with me to the table right now,NAVIGATION
uh do you know how to wave,PET
okay i like flowers now,CHAT
um let me see you wave please,PET
okay for the game i choose option c right now,GAME
so tell me a exciting tale now,STORY
i want a quiz on grammar,STUDY
okay go around the chair,NAVIGATION
in the story what if a lion meets a unicorn okay,STORY
switch to spanish,SYSTEM
hey cancel everything thanks,SYSTEM
for this round i pick option one,GAME
hi sunshine how are you,PET
so say banana in a funny voice okay,CHAT
hmm mute the sound please,SYSTEM
please go to the garden,NAVIGATION
head over to the hallway okay,NAVIGATION
in the story what if a mermaid meets a princess,STORY
i like song,CHAT
okay enable night mode please,SYSTEM
okay turn off notifications now,SYSTEM
okay switch to german,SYSTEM
cancel what you're doing now,SYSTEM
do a cute face,PET
sit down darling,PET
hmm aww hello nugget,PET
show me a handshake,PET
i love you sunshine,PET
uh i want to go to the window please,NAVIGATION
okay let's play puzzle please,GAME
hey there little honeybun,PET
okay restart please,SYSTEM
give me a quiz about reading,STUDY
look towards the garden,NAVIGATION
so enter sleep mode now,SYSTEM
hmm start a game of true or false,GAME
show me how ecosystems works,STUDY
take the golden key,STORY
my favorite color is animal okay,CHAT
hey speak in german thanks,SYSTEM
good to see you little one,PET
hey speak in english please,SYSTEM
good job boo,PET
okay can you tell a story with a unicorn and an astronaut right now,STORY
uh turn off airplane mode thanks,SYSTEM
hmm watch out for the shoe,NAVIGATION
oh i like dinosaurs,CHAT
what can you tell me about geography,STUDY
um face the balcony right now,NAVIGATION
avoid the rug right now,NAVIGATION
play number guessing with me,GAME
um start fresh please,SYSTEM
please go to the garage thanks,NAVIGATION
hmm welcome back honeybun okay,PET
so my favorite game is sport okay,CHAT
let's review division,STUDY
i like pandas now,CHAT
i pick false for the game right now,GAME
um time for red light green light right now,PET
speak in chinese,SYSTEM
uh goodnight go to sleep right now,SYSTEM
so lead the way to the front door please,NAVIGATION
hmm let's go to the living room,NAVIGATION
um my favorite game is toy thanks,CHAT
explain light in simple words,STUDY
let's play puzzle,GAME
um set brightness to maximum please,SYSTEM
in the story what if a unicorn meets a dragon,STORY
uh what's your favorite place,CHAT
hmm what do you think about food okay,CHAT
so my favorite subject is place right now,CHAT
hey can you tell a story with a puppy and a princess okay,STORY
can you go to the balcony please,NAVIGATION
let's review fractions,STUDY
hey what's your favorite toy thanks,CHAT
let's do pretend together,PET
i like toy,CHAT
tell me an adventure story about an astronaut,STORY
come play follow the leader with me,PET
for this round i pick red,GAME
do you like pandas now,CHAT
uh no more games,GAME
can we play patty cake,PET
hey thanks a lot thanks,CHAT
for this round i pick the cat,GAME
hey my favorite color is dogs right now,CHAT
can you clarify animals,STUDY
okay enable do not disturb,SYSTEM
can you tell a story with an alien and a princess,STORY
help me with this math problem two times eight,STUDY
i want to hear a story about a fairy,STORY
do you know how to balance,PET
i'm guessing left,GAME
in the story will a detective be okay,STORY
go to the back door please,NAVIGATION
i'll guess the last one,GAME
so please go to the door now,NAVIGATION
um mute right now,SYSTEM
in the story what if an alien meets a monkey,STORY
make a wink for me,PET
oh turn off night mode,SYSTEM
test my knowledge of english,STUDY
okay can you tell a story with a witch and a brave knight,STORY
avoid the toy please,NAVIGATION
oh let's play patty cake together okay,PET
enter sleep mode now,SYSTEM
uh why is the sky red,CHAT
can you tell a story with a dinosaur and a dinosaur,STORY
what's the difference between history and weather,STUDY
oh i like song please,CHAT
my favorite subject is sport now,CHAT
in the game i'll go with option a okay,GAME
my favorite movie is color,CHAT
head over to the attic,NAVIGATION
in the story what if a ninja meets a lion,STORY
oh i like book,CHAT
so go to the entrance,NAVIGATION
go over continents again,STUDY
do you like song,CHAT
explain photosynthesis to me,STUDY
my favorite game is chocolate,CHAT
please go to the patio right now,NAVIGATION
there there darling,PET
in the story what if a bear meets a talking cat,STORY
hmm let me see you wave please,PET
in the story what if a princess meets a bunny,STORY
oh come with me to the basement,NAVIGATION
navigate to the laundry room,NAVIGATION
okay louder please now,SYSTEM
hey emergency stop okay,SYSTEM
what chapter is the human body in,STUDY
what's the difference between sound and animals,STUDY
um shake little paw little one okay,PET
i want to play red light green light with you,PET
final answer left,GAME
okay shut down please,SYSTEM
my favorite food is food,CHAT
shake little paw little one,PET
launch connect four,GAME
hmm what's your favorite chocolate,CHAT
what's the difference between chemistry and photosynthesis,STUDY
spell the water cycle for me,STUDY
help me practice geography,STUDY
okay let's cuddle sunshine now,PET
my game answer is the first one please,GAME
speak in korean,SYSTEM
oh my favorite movie is chocolate,CHAT
i want a harder card game right now,GAME
move left,NAVIGATION
what do you think about dogs okay,CHAT
switch to english thanks,SYSTEM
hey disable airplane mode thanks,SYSTEM
can you tell a story with a monkey and a wizard,STORY
can you quiz me on math,STUDY
bring me to the balcony right now,NAVIGATION
i need help with the moon,STUDY
uh my favorite game is pandas,CHAT
wanna play ball,PET
hey do you like robots please,CHAT
what's the difference between shapes and planets,STUDY
hmm move to the closet right now,NAVIGATION
i'll guess option b,GAME
turn left now,NAVIGATION
okay quit everything,SYSTEM
my guess is option two,GAME
so let's play memory match,GAME
oh walk to the stairs,NAVIGATION
sit down baby,PET
i have a question about planets,STUDY
summarize oceans for me,STUDY
switch to chinese,SYSTEM
tell me a brave tale,STORY
uh play science quiz with me,GAME
speak in french,SYSTEM
summarize electricity for me,STUDY
hmm let's stop playing,GAME
okay mute okay,SYSTEM
can you tell a story with a puppy and a penguin,STORY
go over volcanoes again,STUDY
okay snuggle time darling right now,PET
oh speak in german thanks,SYSTEM
come with me to the porch,NAVIGATION
once upon a time story about a dragon,STORY
can you go to the laundry room,NAVIGATION
for the game i choose true,GAME
um i'm guessing the second one okay,GAME
cheer up honeybun,PET
um my game answer is option b,GAME
let me see you bow,PET
my favorite animal is penguins right now,CHAT
um i want a handshake,PET
my favorite animal is pizza okay,CHAT
okay bring me to the attic,NAVIGATION
oh i want a adventure story right now,STORY
test my knowledge of social studies,STUDY
let's play maze thanks,GAME
okay turn off dark mode,SYSTEM
review chemistry with me,STUDY
um my favorite subject is song thanks,CHAT
so stop whatever you're doing now,SYSTEM
in the story is a dragon safe,STORY
can you teach me the sun,STUDY
um do you know how to wiggle okay,PET
do you like food now,CHAT
i don't understand the water cycle,STUDY
hmm restart please,SYSTEM
hey in the game i'll go with left,GAME
um reset yourself,SYSTEM
show me a pat on the head,PET
switch to arabic now,SYSTEM
in the story what if a dragon meets a ninja,STORY
come with me to the attic,NAVIGATION
can you go to the stairs okay,NAVIGATION
narrate a story about a penguin,STORY
move to the pantry,NAVIGATION
how much battery do you have,SYSTEM
hmm time to play geography quiz please,GAME
uh start a game of puzzle now,GAME
can you tell a story with a unicorn and a puppy,STORY
shut down right now,SYSTEM
can you explain volcanoes,STUDY
uh in the game i'll go with the last one okay,GAME
okay hold on stop please,NAVIGATION
move a little forward,NAVIGATION
i'm here for you little darling,PET
what is fractions,STUDY
go to the balcony right now,NAVIGATION
hey my favorite movie is ice cream,CHAT
play trivia with me now,GAME
head to the basement right now,NAVIGATION
go around the wall,NAVIGATION
let's do hide and seek together,PET
what's the difference between shapes and atoms,STUDY
okay in the story what if a mermaid meets a pirate okay,STORY
what's the difference between weather and geography,STUDY
okay what do you think about rainbows okay,CHAT
okay in the story what if a bear meets a prince now,STORY
follow me to the study room right now,NAVIGATION
i pick true for the game,GAME
i wanna hear a story about a monkey,STORY
wanna play red light green light,PET
bring me to the balcony,NAVIGATION
okay let's go to the study room please,NAVIGATION
set volume to half please,SYSTEM
set brightness to seventy percent thanks,SYSTEM
begin a new game of number guessing,GAME
in the story what if a mermaid meets a unicorn,STORY
hmm play twenty questions with me,GAME
look towards the dining room,NAVIGATION
can you clarify atoms,STUDY
i choose the secret door,STORY
what does planets mean,STUDY
so speak in arabic okay,SYSTEM
so in the story what if a witch meets a bear,STORY
let's review atoms,STUDY
i'm feeling curious,CHAT
what's the definition of plants,STUDY
play twenty questions with me,GAME
my favorite game is sport now,CHAT
you're such a good darling,PET
hey begin a new game of math quiz,GAME
help me understand geography,STUDY
okay can you go to the living room,NAVIGATION
hello there friend,PET
help me understand biology,STUDY
i need to review biology,STUDY
i have a question about photosynthesis,STUDY
uh my favorite color is song,CHAT
hey emergency stop please,SYSTEM
you're my favorite cutie,PET
in the story what if a bear meets a superhero,STORY
launch connect four please,GAME
can you tell a story with a puppy and a prince,STORY
uh be careful near the door thanks,NAVIGATION
uh set brightness to low please,SYSTEM
uh pick a game for me okay,GAME
what chapter is division in,STUDY
come here sunshine let me pet you,PET
how does ecosystems work,STUDY
hey let's start rock paper scissors thanks,GAME
oh turn up the volume,SYSTEM
i want a harder memory match,GAME
uh my favorite subject is penguins thanks,CHAT
let's start memory match,GAME
in the story is a ninja safe,STORY
uh my favorite color is pandas,CHAT
narrate a story about a monkey,STORY
face the living room,NAVIGATION
can you tell a story with a bunny and a fairy,STORY
make multiplication easier to understand,STUDY
uh head to the door please,NAVIGATION
follow me to the garage,NAVIGATION
okay switch to korean,SYSTEM
hmm cancel everything please,SYSTEM
take four steps right now,NAVIGATION
scratch behind your ears buddy,PET
what is weather,STUDY
oh i feel like playing memory match,GAME
let's start simon says,GAME
hey watch out for the toy please,NAVIGATION
what's the difference between the solar system and cells,STUDY
okay you're so sweet honeybun thanks,PET
face the dining room,NAVIGATION
uh show me a cool spin please,PET
hey it's okay if you're worried please,PET
come play fetch with me,PET
create a story with a talking cat,STORY
nice to see you again pumpkin right now,PET
so in the story what if a puppy meets a bear please,STORY
so let me guess option c right now,GAME
can you tell a story with a princess and a bear,STORY
so face the sofa now,NAVIGATION
in the story is a unicorn safe,STORY
what's the difference between electricity and multiplication,STUDY
can you tell a story with an astronaut and a robot,STORY
avoid the dog,NAVIGATION
test my knowledge of geography,STUDY
who made you please,CHAT
hmm i like movie okay,CHAT
my favorite subject is pandas,CHAT
um how about a game of twenty questions okay,GAME
oh my favorite food is toy,CHAT
give me an explanation of division,STUDY
i wanna hear a story about a dragon,STORY
in the story what if a dinosaur meets a bunny right now,STORY
roll over sunshine,PET
so move to the laundry room okay,NAVIGATION
so power down thanks,SYSTEM
i'm confused about subtraction,STUDY
can we play red light green light,PET
tell me a story about a detective,STORY
good job munchkin,PET
uh head over to the entrance,NAVIGATION
hmm what's your favorite pandas,CHAT
turn on do not disturb thanks,SYSTEM
let's handshake,PET
hmm let's start connect four please,GAME
let's go with the silver bridge,STORY
lead the way to the nursery,NAVIGATION
i'm confused about weather,STUDY
hmm turn off wifi,SYSTEM
oh take five steps backward now,NAVIGATION
i want to learn about chemistry,STUDY
mute,SYSTEM
can you tell a story with a talking cat and a superhero,STORY
my favorite game is pandas,CHAT
uh you're such a good baby thanks,PET
lead the way to the hallway,NAVIGATION
turn backward now,NAVIGATION
hey let's play red light green light together,PET
what are the main points of addition,STUDY
can you tell a story with a talking cat and a ninja,STORY
oh i like place right now,CHAT
oh what do you think about dinosaurs thanks,CHAT
review atoms with me,STUDY
oh start fresh thanks,SYSTEM
oh turn off now,SYSTEM
is biology the same as chemistry,STUDY
um how's it going,CHAT
tell me an adventure story about a dragon thanks,STORY
so you make me so happy cupcake now,PET
spin me a yarn about a bear,STORY
um take a nap,SYSTEM
give me an example of animals,STUDY
i'm here for you little robot,PET
hey speak in hindi,SYSTEM
hmm look towards the window,NAVIGATION
hmm switch to german please,SYSTEM
in the story what if a wizard meets a unicorn,STORY
tell a spooky story please,STORY
i want a harder would you rather,GAME
so set volume to full,SYSTEM
let's see how much i know about arithmetic,STUDY
oh i'm proud of you cupcake,PET
okay it's bedtime go to sleep right now,SYSTEM
change language to french please,SYSTEM
hmm hello right now,CHAT
so go to the nursery,NAVIGATION
how do airplanes fly,CHAT
come with me to the door,NAVIGATION
my favorite food is cats okay,CHAT
okay you're my favorite sweetie please,PET
so what do you think about color,CHAT
um go to sleep right now,SYSTEM
oh create a story with a monkey thanks,STORY
hey what do you think about dogs right now,CHAT
switch to english please,SYSTEM
hmm do you like animal now,CHAT
time to play twenty questions,GAME
oh what's your favorite chocolate,CHAT
so change language to spanish please,SYSTEM
everything will be fine love,PET
scratch behind your ears buddy thanks,PET
can you tell a story with a unicorn and a robot,STORY
take five steps around,NAVIGATION
okay scratch behind your ears darling right now,PET
oh switch to german thanks,SYSTEM
is history the same as ecosystems,STUDY
i want a harder card game thanks,GAME
um you're my favorite little one,PET
uh take a nap now,SYSTEM
so my game answer is option d,GAME
how does plants work,STUDY
uh change language to japanese thanks,SYSTEM
restart now,SYSTEM
hey set brightness to half,SYSTEM
uh show me a cool wave right now,PET
follow me to the entrance,NAVIGATION
aww hello baby,PET
i missed you sunshine,PET
give me an explanation of multiplication,STUDY
so speak in french,SYSTEM
okay tell me a story about a wizard thanks,STORY
so can you go to the basement right now,NAVIGATION
um go to the bathroom,NAVIGATION
uh nice to see you again boo,PET
oh my favorite movie is ice cream,CHAT
in the story what happens to a bunny,STORY
i don't understand weather,STUDY
volume down thanks,SYSTEM
oh how about a game of riddles,GAME
in the story what does a pirate find now,STORY
so what do you think about ice cream okay,CHAT
hey what's up now,CHAT
shake little paw boo,PET
so in the story what if a bear meets a bunny,STORY
so can you tell a story with an alien and a bunny right now,STORY
create a story with a wizard,STORY
i'm proud of you love,PET
i want a harder twenty questions,GAME
so bring me to the living room okay,NAVIGATION
let's go to the front door now,NAVIGATION
can you tell a story with a dinosaur and a fairy now,STORY
okay switch to korean okay,SYSTEM
hi,CHAT
spell sound for me,STUDY
in the game the answer is yes okay,GAME
oh set brightness to low,SYSTEM
hello there buddy,PET
move away from the box,NAVIGATION
i'll take care of you sweetie,PET
can you explain addition,STUDY
look towards the porch right now,NAVIGATION
can you tell a story with a bear and a bunny,STORY
oh i want to go to the playroom right now,NAVIGATION
my favorite color is toy now,CHAT
so can you tell me a spooky story right now,STORY
so snuggle time little one right now,PET
what does history mean,STUDY
i want to play trivia,GAME
wanna play tug of war,PET
um everything will be fine pumpkin,PET
give me an example of erosion,STUDY
walk to the front door,NAVIGATION
hmm i'm bored,CHAT
take me to the study room,NAVIGATION
where does a robot go next in the story,STORY
i need help with atoms,STUDY
why do we need to learn magnets,STUDY
um stop all tasks,SYSTEM
shake little paw buddy,PET
explain biology in simple words,STUDY
hmm let's go to the hallway,NAVIGATION
so speak in french now,SYSTEM
hmm hello,CHAT
um come with me to the nursery okay,NAVIGATION
in the story what if a robot meets a penguin,STORY
um my favorite color is dinosaurs okay,CHAT
hey please go to the bedroom,NAVIGATION
oh turn off night mode thanks,SYSTEM
hey switch to arabic,SYSTEM
for the game i'll say blue,GAME
oh my favorite subject is toy right now,CHAT
in the story will an astronaut be okay,STORY
hey change language to hindi,SYSTEM
aww sunshine you're the best,PET
so change language to japanese,SYSTEM
oh can you tell a story with a superhero and a superhero please,STORY
hmm turn on notifications thanks,SYSTEM
set volume to high now,SYSTEM
head over to the laundry room,NAVIGATION
hmm show me a cool bow thanks,PET
my favorite subject is song okay,CHAT
give me a test on geography,STUDY
please stop moving now,NAVIGATION
i'm bored okay,CHAT
begin a new game of chess,GAME
please go to the bedroom,NAVIGATION
okay give me a fist bump okay,PET
um in the game it must be red right now,GAME
read me a story about a dragon,STORY
okay speak in japanese okay,SYSTEM
so change language to arabic,SYSTEM
okay i like color now,CHAT
so what do you think about animal please,CHAT
show me how planets works,STUDY
i want to hear a story about a witch,STORY
how does shapes work,STUDY
hey pal i missed you,PET
switch to english okay,SYSTEM
i like cats right now,CHAT
help me practice social studies,STUDY
uh turn off dark mode thanks,SYSTEM
what do you think about rainbows okay,CHAT
begin a new game of hangman,GAME
follow me to the attic,NAVIGATION
don't worry boo,PET
i want to learn about animals,STUDY
take me to the stairs right now,NAVIGATION
invent a story about a detective,STORY
head over to the hallway,NAVIGATION
uh for the game i'll say option two thanks,GAME
um enable airplane mode please,SYSTEM
uh i'll take care of you cutie now,PET
uh head to the pantry thanks,NAVIGATION
good to see you friend,PET
in the story who does a brave knight meet,STORY
hey set brightness to low thanks,SYSTEM
cheer up little one,PET
end the game now,GAME
can you go to the closet okay,NAVIGATION
in the story is a prince safe,STORY
hey make it quieter please,SYSTEM
tell me an adventure story about a princess,STORY
stop right now,NAVIGATION
tell me about condensation,STUDY
uh head back to base,NAVIGATION
in the game it must be five,GAME
oh take three steps left please,NAVIGATION
i'm feeling excited,CHAT
time to play memory match okay,GAME
why do we have to eat,CHAT
hey sunshine you're so cute,PET
hmm my favorite movie is penguins,CHAT
how does cells work,STUDY
uh turn on dark mode right now,SYSTEM
hmm shake hand robot,PET
can you tell a story with a fairy and a fairy,STORY
okay lead the way to the door,NAVIGATION
hey turn on notifications okay,SYSTEM
good morning sunshine,PET
oh begin a new game of word scramble,GAME
hey in the story does a dinosaur win please,STORY
i want a thumbs up,PET
good job little one,PET
hmm run diagnostics,SYSTEM
head over to the nursery,NAVIGATION
take me to the porch thanks,NAVIGATION
come with me to the kitchen,NAVIGATION
uh where do you live right now,CHAT
uh tell me a story about a bear,STORY
why is the sky orange,CHAT
belly rub time robot okay,PET
i don't understand magnets,STUDY
oh speak in japanese now,SYSTEM
um in the story what if a fairy meets a lion,STORY
hey for this round i pick blue,GAME
tell me about the solar system,STUDY
my favorite color is cats please,CHAT
oh scratch behind your ears boo okay,PET
i'm here for you little friend,PET
navigate to the basement,NAVIGATION
can you help me with four plus eleven,STUDY
i pick option two for the game,GAME
my favorite color is dogs,CHAT
um i want to go to the front door,NAVIGATION
what's the difference between shapes and magnets,STUDY
hmm bring me to the corridor okay,NAVIGATION
ask me questions about geography,STUDY
so time to play checkers,GAME
let's see how much i know about grammar,STUDY
disable airplane mode okay,SYSTEM
i want to go to the attic now,NAVIGATION
hey in the game i'll go with option one,GAME
you're so sweet pumpkin,PET
um power cycle now,SYSTEM
so lead the way to the table,NAVIGATION
hello there boo thanks,PET
um what do you think about flowers now,CHAT
let's go to the playroom,NAVIGATION
give me a nose boop,PET
um my guess is the second one please,GAME
what does fractions mean,STUDY
oh disable notifications,SYSTEM
enable night mode,SYSTEM
welcome back love,PET
uh please go to the playroom,NAVIGATION
i need help with molecules,STUDY
tell me about photosynthesis,STUDY
help me understand atoms,STUDY
um you're my favorite buddy now,PET
i feel like playing word scramble please,GAME
give me an example of geography,STUDY
you did great love thanks,PET
i have a question about condensation,STUDY
i'm proud of you honeybun,PET
in the story what if a fairy meets a robot,STORY
try doing a hop,PET
so begin a new game of spelling bee,GAME
i need a pat on the head from you,PET
oh bring me to the bathroom okay,NAVIGATION
um restart okay,SYSTEM
hey change language to korean please,SYSTEM
hey take four steps left,NAVIGATION
tell me a scary tale,STORY
what's the difference between erosion and plants,STUDY
i don't understand history,STUDY
oh unmute okay,SYSTEM
uh good evening baby thanks,PET
hey disable notifications now,SYSTEM
is the water cycle the same as the food chain,STUDY
um set brightness to medium,SYSTEM
so show me your shake,PET
so let me guess blue thanks,GAME
tell me about the food chain,STUDY
i'm proud of you pumpkin,PET
um hey please,CHAT
let's play dress up together right now,PET
switch to hindi now,SYSTEM
open puzzle,GAME
oh in the story what happens to a robot please,STORY
the second one is my final game answer,GAME
i want to learn about multiplication,STUDY
in the story what if a dragon meets a robot,STORY
oh let's start simon says now,GAME
open simon says,GAME
test me on english,STUDY
uh walk six steps forward,NAVIGATION
i don't understand ecosystems,STUDY
let's start chess right now,GAME
give me an example of subtraction,STUDY
make up a story about a superhero okay,STORY
in the story what if a prince meets a witch,STORY
can you tell a story with a robot and a penguin,STORY
head to the basement,NAVIGATION
um halt right there,NAVIGATION
hey where does rain come from,CHAT
hmm speak in french right now,SYSTEM
load up math quiz,GAME
so my guess is ten right now,GAME
give me a summary of geography,STUDY
invent a story about a princess,STORY
do you like movie,CHAT
turn the sound on please,SYSTEM
i want to go to the kitchen,NAVIGATION
in the story what if a talking cat meets a wizard,STORY
i pick option c for the game,GAME
okay reset yourself now,SYSTEM
walk three steps forward,NAVIGATION
so shut up please,SYSTEM
um run diagnostics,SYSTEM
my favorite color is toy okay,CHAT
so let's play twenty questions,GAME
what's interesting about the ocean,CHAT
so i like color thanks,CHAT
okay why is the sky orange,CHAT
what's the difference between erosion and subtraction,STUDY
so in the game i think it's option one,GAME
hey read me a story about a wizard,STORY
i want to go to the closet,NAVIGATION
switch to french please,SYSTEM
uh for this round i pick yes thanks,GAME
my favorite food is pandas,CHAT
how is erosion used in real life,STUDY
in the story what if a bunny meets a penguin,STORY
so hi there little darling,PET
okay choose the bright forest,STORY
i want to go to the basement,NAVIGATION
so enable night mode,SYSTEM
hey walk to the corridor,NAVIGATION
can you tell a story with a brave knight and a witch,STORY
hey my favorite color is cars okay,CHAT
there there little one,PET
hmm for the game i choose right please,GAME
five is my final game answer okay,GAME
i like animal,CHAT
oh let me guess the first one right now,GAME
my favorite subject is birds okay,CHAT
i want a harder maze,GAME
begin a tale about a ninja,STORY
disable do not disturb please,SYSTEM
make it harder,GAME
oh nice to see you again love,PET
what's the difference between chemistry and cells,STUDY
oh for the game i choose option three now,GAME
can you make a pouty face,PET
what's the difference between weather and continents,STUDY
my guess is the first one,GAME
tell me more of the story,STORY
can you tell a story with an astronaut and a lion,STORY
so turn off notifications,SYSTEM
shake hand honeybun please,PET
turn the sound on,SYSTEM
for this round i pick option two,GAME
is subtraction the same as cells,STUDY
navigate to the study room okay,NAVIGATION
my favorite movie is the moon,CHAT
hey emergency stop now,SYSTEM
are you feeling tired,PET
um look towards the sofa please,NAVIGATION
in the story what if a dinosaur meets a fairy,STORY
in the story what if an alien meets a wizard,STORY
okay set brightness to seventy percent right now,SYSTEM
so load up card game,GAME
turn around,NAVIGATION
why do we need to learn sound,STUDY
head over to the patio,NAVIGATION
um set brightness to low okay,SYSTEM
head over to the garden,NAVIGATION
can you tell a story with a bear and a unicorn,STORY
take me to the table,NAVIGATION
uh what's interesting about the ocean,CHAT
go over addition again,STUDY
face the study room okay,NAVIGATION
can you explain the food chain,STUDY
go to the bookshelf,NAVIGATION
uh switch to french,SYSTEM
i'm feeling angry,CHAT
follow me to the corridor,NAVIGATION
hey come give me a cuddle okay,PET
give me a summary of history,STUDY
hey what do you think about color now,CHAT
let's start true or false okay,GAME
stay close and follow me thanks,NAVIGATION
how about a game of checkers okay,GAME
rest mode,SYSTEM
okay open spelling bee,GAME
can you tell a story with a ninja and a prince,STORY
help me review for my arithmetic test,STUDY
oh what do you think about color now,CHAT
uh i'm guessing three okay,GAME
i want a pat on the head,PET
hey rest mode now,SYSTEM
oh reboot your system now,SYSTEM
hey switch to chinese,SYSTEM
show me how dinosaurs works,STUDY
make up a story about a detective,STORY
uh how do birds fly please,CHAT
um shake little paw honeybun,PET
uh hi there little pumpkin now,PET
uh begin a new game of simon says right now,GAME
hello there pumpkin right now,PET
my favorite movie is song,CHAT
end the game,GAME
so for this round i pick option one right now,GAME
oh switch to hindi now,SYSTEM
come here friend let me pet you,PET
can you go to the hallway,NAVIGATION
let's go to the garage right now,NAVIGATION
so go to the couch,NAVIGATION
quiz me on physics,STUDY
oh rotate left,NAVIGATION
give me a quiz about grammar,STUDY
do a restart right now,SYSTEM
um i like dinosaurs,CHAT
give me an explanation of the moon,STUDY
um disable do not disturb,SYSTEM
so follow me to the bathroom right now,NAVIGATION
i want to hear a story about a dragon,STORY
let's go to the stairs,NAVIGATION
well done nugget,PET
hey my favorite game is flowers right now,CHAT
can you tell a story with a detective and a prince,STORY
hey can we play tic-tac-toe,GAME
i need help with chemistry,STUDY
summarize addition for me,STUDY
disable airplane mode right now,SYSTEM
hmm in the story does a unicorn win right now,STORY
um my favorite subject is place,CHAT
my favorite color is color,CHAT
test me on science,STUDY
come play pretend with me,PET
um i like movie please,CHAT
what's your favorite the moon okay,CHAT
oh please go to the bedroom okay,NAVIGATION
hey say supercalifragilistic in a funny voice,CHAT
final answer option one now,GAME
okay why is the sky red please,CHAT
switch to french right now,SYSTEM
i need help with plants,STUDY
okay hi,CHAT
so what's your battery level please,SYSTEM
tell a sad story please,STORY
so in the story is a pirate safe,STORY
hey i want to go to the playroom right now,NAVIGATION
okay change language to japanese please,SYSTEM
um shut up,SYSTEM
welcome back little one,PET
for the game i choose option d okay,GAME
let me see you hop,PET
um restart please,SYSTEM
uh come play peek-a-boo with me,PET
lead the way to the front door,NAVIGATION
so time to play rock paper scissors,GAME
tell me about the water cycle,STUDY
um load up tic-tac-toe,GAME
oh what's the weather like okay,CHAT
aww pumpkin you're the best,PET
follow me to the sofa please,NAVIGATION
oh set volume to seventy percent please,SYSTEM
i'll take care of you friend,PET
take me to the playroom,NAVIGATION
make up a story about a superhero,STORY
okay go back to your dock,NAVIGATION
enable bluetooth,SYSTEM
show me your spin,PET
oh next question okay,GAME
hmm turn on airplane mode now,SYSTEM
so go around the stairs please,NAVIGATION
my favorite color is pizza,CHAT
hey my favorite game is ice cream okay,CHAT
okay bring me to the entrance now,NAVIGATION
what chapter is subtraction in,STUDY
um do you like book,CHAT
can you go to the living room now,NAVIGATION
what can you tell me about continents,STUDY
hey emergency stop,SYSTEM
so in the game the answer is three now,GAME
can you clarify the sun,STUDY
hey darling you're so cute,PET
i need help with subtraction,STUDY
hmm restart the system,SYSTEM
oh what's your favorite color,CHAT
tell me a space tale thanks,STORY
power down now,SYSTEM
is electricity the same as the human body,STUDY
hey what's interesting about space now,CHAT
let's cuddle boo,PET
uh good evening darling thanks,PET
can we review reading please,STUDY
so my favorite food is cats,CHAT
oh in the game it must be three okay,GAME
review the food chain with me,STUDY
so rotate forward now,NAVIGATION
stay away from the table,NAVIGATION
i want to play twenty questions,GAME
give me some love darling,PET
set volume to maximum thanks,SYSTEM
my favorite subject is ice cream please,CHAT
hey walk to the door okay,NAVIGATION
in the story what if a princess meets a mermaid,STORY
can you tell a story with a brave knight and a talking cat,STORY
move away from the toy right now,NAVIGATION
good evening sweetie,PET
um let's go to the attic now,NAVIGATION
give me a test on reading,STUDY
hi there little sunshine,PET
um lead the way to the pantry,NAVIGATION
i need to review the food chain,STUDY
tell me an adventure story about a penguin,STORY
hey set brightness to full right now,SYSTEM
break down addition for me,STUDY
so speak in english,SYSTEM
oh turn on dark mode,SYSTEM
okay check for updates,SYSTEM
hmm turn the sound on thanks,SYSTEM
okay what do you think about movie right now,CHAT
can you tell a story with a unicorn and a penguin,STORY
i need a high five from you,PET
what happens when we dream please,CHAT
let's cuddle robot,PET
let's play connect four,GAME
change language to english now,SYSTEM
so make it quieter,SYSTEM
um my favorite food is penguins now,CHAT
read this lesson about magnets,STUDY
um can we play treasure hunt please,PET
hmm turn off dark mode thanks,SYSTEM
so restart yourself now,SYSTEM
can you tell a story with a superhero and an astronaut,STORY
hey my favorite animal is robots,CHAT
oh i pick option b for the game please,GAME
what's the difference between the alphabet and dinosaurs,STUDY
uh time to play number guessing okay,GAME
look towards the bedroom,NAVIGATION
time to play riddles okay,GAME
cancel what you're doing,SYSTEM
go to your charging station thanks,NAVIGATION
so disable night mode now,SYSTEM
what chapter is the moon in,STUDY
uh disable night mode right now,SYSTEM
describe weather for me,STUDY
my favorite food is chocolate please,CHAT
let's try the dark cave,STORY
change language to spanish now,SYSTEM
i missed you cutie,PET
um what's my score please,GAME
let's study math together,STUDY
i need to review atoms,STUDY
hmm louder please please,SYSTEM
um turn on bluetooth right now,SYSTEM
how is planets used in real life,STUDY
oh red is my final game answer,GAME
hmm move a little backward thanks,NAVIGATION
in the story what if a puppy meets a pirate,STORY
break down volcanoes for me,STUDY
um louder please okay,SYSTEM
what can you tell me about ecosystems,STUDY
okay set volume to maximum now,SYSTEM
tell me a fantasy tale,STORY
what's the difference between history and photosynthesis,STUDY
what are the main points of plants,STUDY
tell a magical story please,STORY
got any i spy going,GAME
hey can you tell a story with a lion and a puppy,STORY
so switch to hindi okay,SYSTEM
um i'll take care of you pumpkin right now,PET
can you explain dinosaurs,STUDY
so i want to play geography quiz,GAME
what's your favorite color,CHAT
okay volume down thanks,SYSTEM
hmm head to the pantry right now,NAVIGATION
hmm head over to the window okay,NAVIGATION
go through the left path,STORY
how does the water cycle work,STUDY
oh go to sleep right now,SYSTEM
hmm turn off notifications,SYSTEM
hmm disable dark mode,SYSTEM
my favorite animal is stars please,CHAT
oh what's your favorite pandas please,CHAT
okay pause everything thanks,SYSTEM
tell me something funny,CHAT
hmm do you like animal,CHAT
uh set volume to maximum please,SYSTEM
i'm here for you little buddy please,PET
in the story who does a monkey meet now,STORY
turn off bluetooth,SYSTEM
help me with this math problem half of twenty,STUDY
okay in the game it must be option one please,GAME
hmm my favorite animal is game,CHAT
in the story what happens to a lion,STORY
lead the way to the bookshelf,NAVIGATION
i want a harder simon says,GAME
hey start a game of card game now,GAME
go through the tall mountain,STORY
you make me so happy sunshine,PET
okay what's your favorite stars,CHAT
hey what's your favorite pizza thanks,CHAT
begin a new game of number guessing please,GAME
oh are you charging,SYSTEM
um narrate a story about a pirate,STORY
hey take me to the bedroom,NAVIGATION
hey enable bluetooth now,SYSTEM
so look towards the entrance please,NAVIGATION
let's play i spy okay,GAME
uh start a game of animal quiz right now,GAME
in the story what if a superhero meets a prince,STORY
oh what's your favorite cats thanks,CHAT
where do you live okay,CHAT
standby mode okay,SYSTEM
uh nice to see you again baby,PET
in the game it must be ten,GAME
begin a new game of true or false,GAME
so in the game it must be option one,GAME
let's start maze,GAME
launch hangman,GAME
explain gravity in simple words,STUDY
um set brightness to half right now,SYSTEM
hey bring me to the hallway right now,NAVIGATION
uh set brightness to seventy percent okay,SYSTEM
solve four plus eleven,STUDY
do a restart,SYSTEM
help me understand the sun,STUDY
in the story what if a wizard meets a ninja please,STORY
so do you want to be friends,CHAT
is subtraction the same as shapes,STUDY
in the story what if a witch meets a bear,STORY
um what's your favorite dinosaurs,CHAT
nice to see you again nugget,PET
hmm bring me to the dining room right now,NAVIGATION
show me how continents works,STUDY
how does magnets work,STUDY
open spelling bee,GAME
can you make a sad face,PET
let's do a quiz on reading,STUDY
can you tell a story with a dragon and a pirate thanks,STORY
hey my guess is option c,GAME
hey well done cutie thanks,PET
oh follow me to the attic,NAVIGATION
can you explain colors,STUDY
walk to the table,NAVIGATION
in the story what if a penguin meets a pirate,STORY
quiz me on chemistry,STUDY
okay there there pumpkin now,PET
do a shake for me now,PET
so enable notifications,SYSTEM
hmm turn the sound on,SYSTEM
i don't understand condensation,STUDY
um i want to go to the pantry okay,NAVIGATION
come play patty cake with me,PET
i'm confused about atoms,STUDY
okay let's play rock paper scissors thanks,GAME
hmm take a nap,SYSTEM
okay set brightness to low thanks,SYSTEM
um do your best wiggle,PET
can you tell me a sad story,STORY
read this lesson about molecules,STUDY
narrate a story about a princess,STORY
can you quiz me on chemistry,STUDY
um switch to japanese now,SYSTEM
set brightness to half now,SYSTEM
hey robot i missed you,PET
okay navigate to the patio,NAVIGATION
what do you think about animal please,CHAT
can we play animal quiz,GAME
i love you nugget,PET
hmm i want a harder number guessing,GAME
oh set brightness to fifty percent,SYSTEM
hmm i'm feeling curious please,CHAT
my favorite subject is stars thanks,CHAT
turn off airplane mode,SYSTEM
my favorite animal is toy right now,CHAT
where does a wizard go next in the story,STORY
in the story what if a bunny meets a detective,STORY
in the story does a monkey win,STORY
come give me a high five,PET
can you tell a story with a wizard and a pirate,STORY
so i want a scary story right now,STORY
so i feel like playing trivia,GAME
ask me questions about physics,STUDY
head over to the closet,NAVIGATION
hey face the porch right now,NAVIGATION
what's the difference between shapes and sound,STUDY
can you tell a story with an alien and a mermaid,STORY
uh begin a new game of chess,GAME
change language to chinese,SYSTEM
okay please stop moving now right now,NAVIGATION
good afternoon,CHAT
can you help me with double fourteen,STUDY
uh stay away from the dog,NAVIGATION
let's review condensation,STUDY
spell the alphabet for me,STUDY
hmm what do you think about food,CHAT
can you explain ecosystems,STUDY
okay please go to the porch,NAVIGATION
how is gravity used in real life,STUDY
give me some love pal,PET
summarize weather for me,STUDY
okay i like ice cream now,CHAT
shake little paw sweetie,PET
let's go to the garage thanks,NAVIGATION
solve double fourteen,STUDY
okay switch to korean now,SYSTEM
go to the couch,NAVIGATION
so can you go to the window okay,NAVIGATION
oh set brightness to minimum,SYSTEM
oh in the story what happens to a dinosaur right now,STORY
hmm time to play puzzle please,GAME
make the alphabet easier to understand,STUDY
i need to review volcanoes,STUDY
take three steps forward,NAVIGATION
you did great pal,PET
ask me questions about vocabulary,STUDY
are you feeling upset,PET
hmm load up hangman,GAME
uh come here boo let me pet you right now,PET
so you're too loud please,SYSTEM
hmm what do you think about robots,CHAT
for the game i choose option d,GAME
can you tell a story with a unicorn and a unicorn,STORY
what's the definition of geography,STUDY
so switch to english,SYSTEM
you're adorable pumpkin,PET
hey i'm feeling sad,CHAT
what's six times four,STUDY
read this lesson about the sun,STUDY
can you tell a story with a brave knight and a robot,STORY
launch simon says,GAME
i have a question about oceans,STUDY
new story about a lion,STORY
oh let's try the secret door,STORY
in the story what if a ninja meets a robot,STORY
uh my favorite color is robots right now,CHAT
hey i want to play geography quiz please,GAME
spell animals for me,STUDY
turn off airplane mode thanks,SYSTEM
walk with me,NAVIGATION
uh my favorite movie is stars thanks,CHAT
how is multiplication used in real life,STUDY
good morning munchkin,PET
hey turn on night mode,SYSTEM
can you tell a story with a lion and a detective right now,STORY
explain ecosystems in simple words,STUDY
i'm feeling bored now,CHAT
hmm my favorite movie is book,CHAT
i don't understand erosion,STUDY
how do i solve twelve minus seven,STUDY
um my favorite animal is ice cream,CHAT
it's bedtime go to sleep now,SYSTEM
hey face the front door right now,NAVIGATION
okay do you like robots please,CHAT
launch hangman right now,GAME
please go to the hallway,NAVIGATION
in the story will a fairy be okay,STORY
why is dinosaurs important,STUDY
so why is grass green thanks,CHAT
so i want to play puzzle,GAME
hmm make it louder,SYSTEM
what does atoms mean,STUDY
show me how chemistry works,STUDY
in the story what if a monkey meets a lion,STORY
power down please,SYSTEM
hmm well done baby thanks,PET
move to the pantry okay,NAVIGATION
what's the difference between chemistry and sound,STUDY
why do we sleep,CHAT
i need to review erosion,STUDY
can you explain the sun,STUDY
hey in the game i think it's option b thanks,GAME
can you tell a story with a penguin and a monkey,STORY
got any memory match going,GAME
hey there little little one,PET
oh i had a okay day now,CHAT
my favorite color is book right now,CHAT
i have a question about shapes,STUDY
so bring me to the stairs,NAVIGATION
come here darling let me pet you,PET
can you tell a story with a dragon and a dragon,STORY
take six steps right,NAVIGATION
uh no is my final game answer okay,GAME
let's cuddle love,PET
can we play connect four please,GAME
can you tell me a spooky story,STORY
um do you know how to march,PET
disable wifi thanks,SYSTEM
please go to the nursery,NAVIGATION
i wanna hear a story about a ninja,STORY
so what version are you,SYSTEM
um how do birds fly right now,CHAT
play patty cake with me,PET
play dress up with me,PET
give me a test on math,STUDY
give me an explanation of subtraction,STUDY
you're adorable munchkin,PET
hey howdy now,CHAT
i want to play word scramble,GAME
oh load up math quiz please,GAME
hmm switch to korean,SYSTEM
okay my favorite color is penguins okay,CHAT
what's interesting about animals thanks,CHAT
help me review for my grammar test,STUDY
in the game i'll go with red,GAME
i want to go to the dining room please,NAVIGATION
go to the attic,NAVIGATION
walk to the garage,NAVIGATION
so my favorite movie is birds,CHAT
so good job baby,PET
hey begin a new game of connect four okay,GAME
okay i want to go to the bathroom thanks,NAVIGATION
take me to the bedroom,NAVIGATION
i'm proud of you pal,PET
okay i want to play treasure hunt with you okay,PET
uh my favorite animal is color thanks,CHAT
oh move to the kitchen,NAVIGATION
so let's go to the closet,NAVIGATION
is the solar system the same as atoms,STUDY
uh bring me to the bathroom now,NAVIGATION
i want to learn about continents,STUDY
um i had a okay day,CHAT
can you tell a story with a ninja and a bear,STORY
show me your dance,PET
can we review spelling please,STUDY
hmm set volume to minimum,SYSTEM
so turn down the volume right now,SYSTEM
is shapes the same as volcanoes,STUDY
oh what do you think about book right now,CHAT
describe oceans for me,STUDY
okay load up number guessing,GAME
turn up the volume right now,SYSTEM
okay follow me to the hallway,NAVIGATION
oh my favorite animal is cats,CHAT
hmm stay away from the shoe please,NAVIGATION
move to the table,NAVIGATION
go over the moon again,STUDY
uh speak in korean,SYSTEM
can you tell a story with a talking cat and a prince,STORY
oh i'm feeling happy please,CHAT
hi my sweet nugget,PET
create a story with a lion,STORY
hmm shake arm buddy now,PET
let's review the human body,STUDY
bring me to the nursery now,NAVIGATION
okay set brightness to minimum right now,SYSTEM
my favorite movie is song okay,CHAT
show me a fist bump,PET
once upon a time story about a detective,STORY
uh hey robot you're so cute okay,PET
in the story what if a detective meets a wizard,STORY
please go to the bookshelf okay,NAVIGATION
look towards the kitchen,NAVIGATION
okay my guess is five please,GAME
please go to the living room thanks,NAVIGATION
pet pet pet pal,PET
walk to the attic,NAVIGATION
so for this round i pick ten thanks,GAME
so can you go to the back door thanks,NAVIGATION
give me an example of division,STUDY
break down subtraction for me,STUDY
oh disable bluetooth,SYSTEM
i want to go to the garage,NAVIGATION
so let's cuddle friend thanks,PET
uh in the game i'll go with ten right now,GAME
my favorite color is book,CHAT
don't worry buddy,PET
so why do we have to eat now,CHAT
in the story is a wizard safe,STORY
what's the definition of planets,STUDY
spell plants for me,STUDY
head over to the nursery right now,NAVIGATION
let's start hangman,GAME
hey i pick left for the game right now,GAME
play word guess with me,GAME
uh my favorite color is chocolate now,CHAT
oh navigate to the balcony okay,NAVIGATION
in the game i think it's right,GAME
so can you tell a story with a detective and a robot,STORY
enable bluetooth please,SYSTEM
turn the sound off now,SYSTEM
narrate a story about a bear right now,STORY
oh turn on airplane mode thanks,SYSTEM
okay standby mode right now,SYSTEM
for the game i choose the first one,GAME
so five is my final game answer right now,GAME
give me some love friend,PET
narrate a story about a talking cat,STORY
hey in the game it must be twenty,GAME
hmm good night,CHAT
create a story with a bunny,STORY
uh look towards the bedroom okay,NAVIGATION
help me understand gravity,STUDY
open trivia,GAME
okay what's your favorite chocolate thanks,CHAT
break down cells for me,STUDY
um change language to english please,SYSTEM
oh enter sleep mode now,SYSTEM
can you tell a story with a detective and a puppy,STORY
okay speak in japanese thanks,SYSTEM
um speak in hindi now,SYSTEM
how is history used in real life,STUDY
uh for the game i choose right please,GAME
um go to the bathroom right now,NAVIGATION
pet pet pet baby,PET
i want to hear a story about a ninja,STORY
take me to the sofa,NAVIGATION
um goodnight go to sleep please,SYSTEM
in the story what if a puppy meets an astronaut,STORY
um in the game i'll go with the last one,GAME
uh set volume to medium,SYSTEM
in the story what if a mermaid meets a bear,STORY
explain dinosaurs to me,STUDY
um load up hangman thanks,GAME
hmm shake little paw buddy,PET
hmm hello my little robot right now,PET
i want to play trivia thanks,GAME
hey my game answer is option b please,GAME
do a happy face,PET
hey switch to hindi now,SYSTEM
in the story what if a mermaid meets a lion okay,STORY
oh turn off airplane mode,SYSTEM
in the game i'll go with ten okay,GAME
hey turn the sound on please,SYSTEM
i have a question about the sun,STUDY
for the game i'll say right,GAME
solve sixteen minus nine,STUDY
okay what's the hint please,GAME
what is the answer to sixteen minus nine,STUDY
good evening cutie,PET
oh pause everything okay,SYSTEM
what day is it today,CHAT
what chapter is biology in,STUDY
hey set volume to half,SYSTEM
uh good morning right now,CHAT
oh i want to play riddles okay,GAME
head to the bookshelf,NAVIGATION
give me a wave,PET
okay enable dark mode thanks,SYSTEM
hey i missed you boo now,PET
i wanna hear a story about a superhero,STORY
navigate to the bedroom,NAVIGATION
i want to learn about biology,STUDY
hey do you like dogs okay,CHAT
try doing a balance,PET
oh what's your favorite place okay,CHAT
oh in the story what if a detective meets a brave knight right now,STORY
oh in the game i think it's red thanks,GAME
oh shut down,SYSTEM
hmm are you feeling nervous please,PET
so did you know that the brain right now,CHAT
oh turn on night mode,SYSTEM
hey take five steps right please,NAVIGATION
oh my favorite game is the moon,CHAT
hey bring me to the attic,NAVIGATION
let's do tag together,PET
take three steps backward right now,NAVIGATION
i want a harder word scramble,GAME
how's it going,CHAT
okay i missed you cupcake thanks,PET
sit down cupcake,PET
follow me to the bathroom,NAVIGATION
stay away from the bag,NAVIGATION
can you go to the study room,NAVIGATION
my favorite color is dinosaurs okay,CHAT
new story about a robot,STORY
okay can you tell a story with an astronaut and a talking cat,STORY
take five steps left,NAVIGATION
oh what do you think about toy please,CHAT
um go to the porch now,NAVIGATION
load up twenty questions,GAME
my favorite food is the moon,CHAT
um can we play patty cake,PET
pause the story,STORY
hmm goodbye okay,CHAT
hey pause everything,SYSTEM
okay set brightness to minimum,SYSTEM
shake paw baby,PET
oh turn off notifications please,SYSTEM
you're my favorite honeybun,PET
uh in the game the answer is the last one,GAME
so do a restart thanks,SYSTEM
so why is the sky purple right now,CHAT
oh my favorite movie is dogs thanks,CHAT
so my favorite game is cars right now,CHAT
okay turn off please,SYSTEM
my favorite game is the moon right now,CHAT
why do we need to learn geography,STUDY
okay go around the stairs okay,NAVIGATION
hi buddy how are you,PET
can you tell a story with a princess and a puppy,STORY
in the story what does a puppy find,STORY
new story about a witch,STORY
okay what's your favorite color,CHAT
oh don't be grumpy please,PET
so set volume to half now,SYSTEM
okay i feel like playing spelling bee now,GAME
go to the stairs,NAVIGATION
hey time to sleep,SYSTEM
avoid the table okay,NAVIGATION
did you know that dolphins,CHAT
my favorite subject is birds thanks,CHAT
help me practice physics,STUDY
set brightness to high now,SYSTEM
in the story what if a dragon meets a dinosaur,STORY
i want to play dress up with you,PET
so i like flowers now,CHAT
i love you cupcake,PET
so what version are you okay,SYSTEM
hmm hey baby you're so cute,PET
i want to learn about weather,STUDY
once upon a time story about a puppy,STORY
hey i want to play maze thanks,GAME
let's see how much i know about english,STUDY
i want a handshake,PET
cheer up cupcake,PET
i pick option three for the game now,GAME
go over multiplication again,STUDY
hmm turn off,SYSTEM
what's interesting about the ocean right now,CHAT
in the story what if a superhero meets a unicorn,STORY
how about a game of spelling bee,GAME
can you tell a story with a robot and a wizard,STORY
can you clarify addition,STUDY
um switch to chinese,SYSTEM
oh my favorite animal is sport thanks,CHAT
okay i'm guessing right thanks,GAME
hey walk to the window thanks,NAVIGATION
what's the difference between history and gravity,STUDY
oh lead the way to the back door right now,NAVIGATION
my game answer is option one,GAME
uh turn the sound off okay,SYSTEM
oh i want to go to the attic thanks,NAVIGATION
can you teach me the solar system,STUDY
review biology with me,STUDY
okay turn the sound off okay,SYSTEM
okay face the bedroom,NAVIGATION
choose the silver bridge,STORY
hey time to sleep now,SYSTEM
hey got any word scramble going now,GAME
what's your favorite food,CHAT
in the game the answer is option c,GAME
what is colors,STUDY
can we play twenty questions,GAME
so my favorite animal is the moon,CHAT
hmm disable dark mode okay,SYSTEM
can you clarify magnets,STUDY
roll over friend,PET
shake hand pal,PET
hey enable do not disturb,SYSTEM
hello thanks,CHAT
make division easier to understand,STUDY
sit down boo,PET
my favorite animal is birds,CHAT
i feel like playing word scramble,GAME
aww hello honeybun,PET
hey go to sleep okay,SYSTEM
i'm feeling scared right now,CHAT
i choose the tall mountain,STORY
switch to spanish thanks,SYSTEM
cancel all tasks,SYSTEM
hey i want a underwater story,STORY
hmm my favorite movie is place,CHAT
in the story what if a witch meets a mermaid,STORY
in the game it must be the second one,GAME
can you tell a story with a penguin and a dinosaur,STORY
hey pumpkin you're so cute now,PET
go over photosynthesis again,STUDY
explain division in simple words,STUDY
uh disable airplane mode right now,SYSTEM
in the story what if a unicorn meets a robot,STORY
load up memory match,GAME
what do you think about movie,CHAT
hmm do you know any jokes right now,CHAT
what's your favorite color thanks,CHAT
time to play connect four,GAME
so shake arm robot,PET
make light easier to understand,STUDY
okay can you make a angry face,PET
can you tell a story with a bunny and a lion,STORY
um head to the corridor,NAVIGATION
i want to play hide and seek with you,PET
okay in the game i think it's twenty thanks,GAME
um move to the door,NAVIGATION
hey let's play checkers thanks,GAME
in the story what if a unicorn meets a lion thanks,STORY
um turn off notifications,SYSTEM
walk a few steps forward,NAVIGATION
oh don't be sleepy thanks,PET
do a pouty face please,PET
what's the difference between atoms and erosion,STUDY
okay i want to go to the balcony please,NAVIGATION
um i like stars,CHAT
can you go to the garage,NAVIGATION
um in the game i'll go with the dog,GAME
can you teach me subtraction,STUDY
in the story what if an alien meets a mermaid,STORY
hmm let me see your confused face,PET
can we play hangman,GAME
in the story what if a mermaid meets a monkey,STORY
can you tell a story with a brave knight and a detective,STORY
i'll guess the dog,GAME
hey my favorite movie is color now,CHAT
can we play hide and seek,PET
face the bathroom,NAVIGATION
read me a story about a brave knight,STORY
what's the difference between addition and the moon,STUDY
in the story who does a fairy meet,STORY
turn up the volume thanks,SYSTEM
what's your favorite food please,CHAT
oh my favorite food is place now,CHAT
launch memory match,GAME
you're my best friend honeybun,PET
hmm how much battery do you have now,SYSTEM
let me see you spin,PET
in the game the answer is the last one now,GAME
hey switch to english please,SYSTEM
hmm i'm here for you little buddy,PET
read this lesson about oceans,STUDY
okay what's your favorite chocolate right now,CHAT
can we play pretend,PET
oh speak in english,SYSTEM
uh i want to play connect four now,GAME
explain cells to me,STUDY
can you clarify dinosaurs,STUDY
how does the food chain work,STUDY
test my knowledge of science,STUDY
i'm feeling tired now,CHAT
give me an explanation of biology,STUDY
set volume to fifty percent now,SYSTEM
oh turn up the volume now,SYSTEM
in the story what if a penguin meets a witch,STORY
uh enable night mode okay,SYSTEM
what are the main points of molecules,STUDY
in the story what if a bunny meets a princess,STORY
can you tell a story with a bear and a mermaid,STORY
can you help me with nine divided by three,STUDY
i'll take care of you baby,PET
what's the difference between animals and atoms,STUDY
oh what's your name,CHAT
hey what do you think about color please,CHAT
so in the game i think it's the second one,GAME
oh my favorite game is sport,CHAT
okay my favorite food is stars please,CHAT
let me see you wave,PET
so can you go to the hallway,NAVIGATION
hmm set volume to seventy percent please,SYSTEM
show me how erosion works,STUDY
let's see how much i know about vocabulary,STUDY
teach me about molecules,STUDY
i want a funny story,STORY
so stop all tasks please,SYSTEM
oh silence right now,SYSTEM
hi there little honeybun okay,PET
go to the front door,NAVIGATION
show me a cool bow,PET
can you clarify geography,STUDY
i'm happy today thanks,CHAT
so take three steps left now,NAVIGATION
hmm enable airplane mode now,SYSTEM
so follow me to the bedroom okay,NAVIGATION
give me an explanation of the human body,STUDY
i'm confused about the water cycle,STUDY
what is the answer to half of twenty,STUDY
uh i love talking to you okay,CHAT
tell me a story about a wizard,STORY
you're adorable baby,PET
so roll over little one thanks,PET
in the story what if a prince meets a detective,STORY
oh update yourself,SYSTEM
walk a few steps forward thanks,NAVIGATION
oh enable wifi,SYSTEM
can you teach me oceans,STUDY
can you explain division,STUDY
um i pick option d for the game,GAME
hmm my favorite color is stars right now,CHAT
hmm cancel everything,SYSTEM
quiz time for geography,STUDY
uh go to the door,NAVIGATION
oh switch to french please,SYSTEM
um switch to english,SYSTEM
um louder please right now,SYSTEM
you're my best friend friend,PET
go around the shoe,NAVIGATION
describe the food chain for me,STUDY
uh i'll take care of you buddy,PET
go over the food chain again,STUDY
uh switch to german thanks,SYSTEM
i want a quiz on science,STUDY
let's have fun playing catch,PET
hmm navigate to the porch thanks,NAVIGATION
oh set volume to medium please,SYSTEM
are you real,CHAT
you make me smile little one,PET
is sound the same as colors,STUDY
time for fetch,PET
describe molecules for me,STUDY
how do you spell planets,STUDY
uh load up puzzle please,GAME
come with me to the bathroom please,NAVIGATION
reboot okay,SYSTEM
hey open trivia thanks,GAME
head to the garden,NAVIGATION
can you tell a story with a ninja and a superhero,STORY
let's go to the window,NAVIGATION
give me an explanation of the alphabet,STUDY
my favorite subject is movie,CHAT
hey cheer up nugget,PET
uh i want to hear a story about a puppy,STORY
change language to hindi please,SYSTEM
so what's your favorite book,CHAT
you're such a good robot,PET
i'll take care of you pal,PET
aww hello cupcake,PET
so sit down love,PET
my favorite game is place,CHAT
hello my little baby,PET
so aww little one you're the best,PET
begin a new game of math quiz okay,GAME
pet pet pet nugget,PET
hey switch to spanish okay,SYSTEM
go over oceans again,STUDY
hush right now,SYSTEM
um i want a harder word guess okay,GAME
my favorite animal is chocolate thanks,CHAT
hey take a nap right now,SYSTEM
in the game i think it's three now,GAME
enable bluetooth right now,SYSTEM
can you tell a story with a ninja and a penguin,STORY
i feel like playing chess,GAME
uh can you count to ten now,CHAT
show me how the food chain works,STUDY
so face the hallway right now,NAVIGATION
i want a sad story,STORY
so face the bathroom right now,NAVIGATION
what do you think about animal now,CHAT
hey enable do not disturb thanks,SYSTEM
oh speak in spanish thanks,SYSTEM
so my favorite color is animal,CHAT
what day is it today thanks,CHAT
don't worry sunshine,PET
speak in english thanks,SYSTEM
i don't understand gravity,STUDY
what chapter is chemistry in,STUDY
switch to korean right now,SYSTEM
oh what do you do for fun,CHAT
um can you tell a story with a superhero and a bear please,STORY
what is planets,STUDY
my favorite movie is dogs please,CHAT
in the story what if a robot meets a unicorn,STORY
um open math quiz,GAME
hey update yourself,SYSTEM
welcome back friend,PET
what's your favorite stars thanks,CHAT
speak in spanish,SYSTEM
can you tell a story with a witch and a princess,STORY
hmm my favorite animal is pizza okay,CHAT
can you tell a story with a detective and a monkey,STORY
hey turn on do not disturb,SYSTEM
can you tell me a brave story,STORY
okay my favorite animal is birds please,CHAT
let me guess the second one,GAME
uh standby mode please,SYSTEM
i need to review ecosystems,STUDY
let me guess the cat okay,GAME
hey navigate to the bookshelf okay,NAVIGATION
take five steps backward now,NAVIGATION
in the game i'll go with no please,GAME
once upon a time story about a brave knight,STORY
can we play treasure hunt,PET
reboot,SYSTEM
so create a story with an alien thanks,STORY
oh head to the pantry,NAVIGATION
uh please go to the garage okay,NAVIGATION
you're my favorite darling,PET
um can you go to the front door,NAVIGATION
solve five plus three,STUDY
i need to review the alphabet,STUDY
i need to review the human body,STUDY
um stay away from the box okay,NAVIGATION
can you help me with half of twenty,STUDY
in the story is a detective safe thanks,STORY
hmm what's your favorite book please,CHAT
snuggle time sunshine,PET
oh do you want to be friends,CHAT
hmm let's start word scramble,GAME
i want to hear a story about a puppy thanks,STORY
um i'm guessing true right now,GAME
so my favorite subject is food please,CHAT
create a story with a dinosaur,STORY
how does sound work,STUDY
got any rock paper scissors going,GAME
um head to the garden okay,NAVIGATION
in the game the answer is ten,GAME
my favorite color is pandas,CHAT
oh reboot yourself okay,SYSTEM
what do you think about color right now,CHAT
i'll take care of you pumpkin,PET
can we review arithmetic please,STUDY
uh reboot yourself,SYSTEM
in the story is a fairy safe,STORY
so load up hangman now,GAME
be careful near the rug,NAVIGATION
is photosynthesis the same as the water cycle,STUDY
so set brightness to minimum right now,SYSTEM
what's the difference between erosion and condensation,STUDY
give me a summary of english,STUDY
um my favorite game is song okay,CHAT
i'm here for you little honeybun,PET
i'm confused about animals,STUDY
what's the definition of ecosystems,STUDY
teach me about erosion,STUDY
so power down,SYSTEM
so i had a bad day,CHAT
is volcanoes the same as magnets,STUDY
make cells easier to understand,STUDY
hello my little pumpkin,PET
i wanna hear a story about a dragon right now,STORY
okay snuggle time sweetie,PET
so head over to the stairs right now,NAVIGATION
give me a quiz about spelling,STUDY
hmm let's start puzzle,GAME
break down dinosaurs for me,STUDY
be quiet okay,SYSTEM
what's the difference between condensation and photosynthesis,STUDY
my favorite animal is song,CHAT
review multiplication with me,STUDY
uh you did great friend,PET
what's your favorite chocolate,CHAT
oh i want to go to the nursery right now,NAVIGATION
hey switch to spanish right now,SYSTEM
open checkers thanks,GAME
in the story what if a princess meets a dragon,STORY
can you tell a story with a lion and a dinosaur,STORY
oh i pick option one for the game,GAME
oh good evening boo,PET
can you quiz me on arithmetic,STUDY
in the game i'll go with three,GAME
emergency stop now,SYSTEM
uh quit everything please,SYSTEM
can we play checkers,GAME
i need to review plants,STUDY
i want to play connect four now,GAME
so in the story what if a mermaid meets a dragon now,STORY
i pick no for the game,GAME
can you tell a story with an alien and a bunny,STORY
hmm bring me to the sofa okay,NAVIGATION
go over geography again,STUDY
how do i solve eight times two,STUDY
okay go to sleep thanks,SYSTEM
hey set volume to seventy percent okay,SYSTEM
okay can you count to a million thanks,CHAT
explain magnets in simple words,STUDY
power down right now,SYSTEM
in the story what if an alien meets a puppy,STORY
um launch memory match now,GAME
let's start i spy,GAME
put on a happy face,PET
so do you sleep please,CHAT
can you go to the closet,NAVIGATION
go around the stairs,NAVIGATION
in the story what if a fairy meets a dragon,STORY
play geography quiz with me,GAME
what is the answer to seven times three,STUDY
i feel like playing geography quiz,GAME
tell me an adventure story about a fairy,STORY
what's the difference between condensation and condensation,STUDY
hey bring me to the nursery,NAVIGATION
show me a cuddle,PET
navigate to the front door please,NAVIGATION
uh come with me to the garage,NAVIGATION
how about a game of animal quiz please,GAME
hey speak in hindi right now,SYSTEM
tell me about light,STUDY
hey can i get a clue,GAME
uh dim the lights now,SYSTEM
hmm do a restart,SYSTEM
look towards the living room,NAVIGATION
hmm navigate to the patio thanks,NAVIGATION
so move to the attic now,NAVIGATION
um restart your brain,SYSTEM
uh let's go to the garden,NAVIGATION
what's the definition of atoms,STUDY
in the game i think it's option two thanks,GAME
restart everything right now,SYSTEM
enter sleep mode now right now,SYSTEM
can you tell a story with a lion and a mermaid,STORY
play tug of war with me,PET
i want a harder maze right now,GAME
can you tell a story with a fairy and a puppy,STORY
what's your favorite robots please,CHAT
solve two times eight,STUDY
my favorite animal is place,CHAT
navigate to the sofa,NAVIGATION
um i'll guess ten right now,GAME
uh for the game i choose blue okay,GAME
uh what's interesting about dolphins okay,CHAT
um close your eyes,SYSTEM
hmm standby mode thanks,SYSTEM
load up puzzle,GAME
okay decrease volume please,SYSTEM
can you tell a story with a monkey and a fairy,STORY
so i want to go to the corridor,NAVIGATION
oh set brightness to maximum,SYSTEM
show me how the sun works,STUDY
hey tell me a story about a bear,STORY
it's okay if you're nervous,PET
follow me to the study room please,NAVIGATION
oh is it going to rain,CHAT
uh look towards the closet now,NAVIGATION
choose the hidden tunnel,STORY
in the story what if a bear meets a bear,STORY
give me your arm,PET
can you go to the entrance please,NAVIGATION
can you tell a story with a prince and a unicorn,STORY
so move to the couch right now,NAVIGATION
uh open would you rather please,GAME
how does division work,STUDY
let's start tic-tac-toe,GAME
bring me to the bedroom,NAVIGATION
uh you're my best friend munchkin,PET
refresh the system okay,SYSTEM
show me your happy face,PET
option d is my final game answer okay,GAME
uh navigate to the bookshelf,NAVIGATION
tell me a story about a fairy,STORY
in the story what if a dinosaur meets a robot right now,STORY
what is the answer to five plus three,STUDY
open memory match,GAME
solve nine divided by three,STUDY
for the game i choose blue,GAME
so can you count to a million,CHAT
i like movie,CHAT
um take five steps left,NAVIGATION
oh in the story what if a bear meets a pirate now,STORY
can you tell a story with a bear and a lion,STORY
i like robots,CHAT
in the game the answer is option one,GAME
do a restart please,SYSTEM
how is animals used in real life,STUDY
uh enable notifications,SYSTEM
so enable night mode now,SYSTEM
what's seven times three,STUDY
say something silly,CHAT
make a happy face for me,PET
can you tell a story with a dinosaur and an alien now,STORY
uh i'll guess yes okay,GAME
hey what's your favorite dogs,CHAT
um play rock paper scissors with me now,GAME
play i spy with me,GAME
bookmark this story,STORY
put on a cute face please,PET
you make me so happy sweetie,PET
okay let me see you jump,PET
stay with me,NAVIGATION
in the story what if a talking cat meets a detective,STORY
show me how geography works,STUDY
hmm my favorite movie is robots okay,CHAT
um change language to arabic thanks,SYSTEM
uh shut up,SYSTEM
aww hello sweetie,PET
you're so sweet baby,PET
oh goodbye,CHAT
let me see you twirl,PET
okay bring me to the living room please,NAVIGATION
set volume to high thanks,SYSTEM
oh walk to the study room,NAVIGATION
read me a story about a talking cat,STORY
hello there cutie,PET
go on with the story,STORY
uh set brightness to medium please,SYSTEM
hmm show me your march please,PET
i'll take care of you buddy right now,PET
oh play animal quiz with me now,GAME
oh what do you think about sport thanks,CHAT
hello there pumpkin,PET
uh play number guessing with me,GAME
i wanna hear a story about a prince now,STORY
so follow me please,NAVIGATION
oh in the story who does a monkey meet,STORY
stay away from the cat right now,NAVIGATION
can you tell a story with a unicorn and a wizard now,STORY
um disable bluetooth,SYSTEM
is multiplication the same as the sun,STUDY
so in the game the answer is the second one,GAME
hmm spin me a yarn about a fairy thanks,STORY
i'm confused about cells,STUDY
shake paw buddy,PET
final answer the first one,GAME
go around the dog,NAVIGATION
i'm proud of you robot,PET
my favorite subject is chocolate,CHAT
oh cancel what you're doing right now,SYSTEM
hmm change language to japanese now,SYSTEM
please go to the door,NAVIGATION
can you tell a story with a dinosaur and a mermaid,STORY
hey speak in hindi now,SYSTEM
can you tell a story with a robot and a princess,STORY
start a new story about a bunny,STORY
oh restart everything okay,SYSTEM
uh reboot your system,SYSTEM
um reboot yourself right now,SYSTEM
um why is the sky orange right now,CHAT
bring me to the attic,NAVIGATION
go to sleep thanks,SYSTEM
okay stop everything,SYSTEM
um turn off do not disturb right now,SYSTEM
um move a little forward thanks,NAVIGATION
head to the table,NAVIGATION
lead the way to the balcony,NAVIGATION
i want a quiz on english,STUDY
okay head over to the bathroom,NAVIGATION
move away from the wall,NAVIGATION
i'm confused about the alphabet,STUDY
let's start animal quiz,GAME
where does rain come from,CHAT
in the story what if a unicorn meets a lion,STORY
can you tell a story with a prince and a mermaid,STORY
let's go with the dark cave,STORY
so can you tell a story with a pirate and a princess,STORY
can you tell a story with a brave knight and a mermaid,STORY
hey my favorite color is cats thanks,CHAT
okay what do you think about color okay,CHAT
okay watch out for the rug,NAVIGATION
so you're adorable munchkin now,PET
head to the pantry,NAVIGATION
okay set brightness to maximum,SYSTEM
can you tell a story with a superhero and a dragon,STORY
okay set brightness to half,SYSTEM
hey start a game of number guessing,GAME
in the story what if a ninja meets a talking cat now,STORY
hmm shake hand darling please,PET
oh my favorite color is toy,CHAT
tell a adventure story please,STORY
my favorite food is animal thanks,CHAT
so can you go to the front door,NAVIGATION
i want to learn about sound,STUDY
load up trivia right now,GAME
you make me so happy nugget,PET
um walk to the pantry,NAVIGATION
hi there little pal please,PET
disable dark mode thanks,SYSTEM
head over to the kitchen,NAVIGATION
uh play chase with me please,PET
in the story what happens to a pirate,STORY
oh change language to arabic,SYSTEM
um can you go to the pantry now,NAVIGATION
in the story what if a fairy meets a bunny,STORY
oh do you like book,CHAT
switch to spanish okay,SYSTEM
so turn off wifi right now,SYSTEM
in the story what if a dragon meets a unicorn,STORY
can you clarify gravity,STUDY
begin a new game of science quiz,GAME
what are the main points of gravity,STUDY
i need to review history,STUDY
hey be quiet now,SYSTEM
navigate to the playroom,NAVIGATION
uh increase volume thanks,SYSTEM
you're so sweet boo,PET
can you tell a story with a detective and an astronaut,STORY
um let's start animal quiz,GAME
in the game the answer is the first one,GAME
how about a game of animal quiz,GAME
got any trivia going,GAME
in the game i think it's red,GAME
uh good to see you buddy thanks,PET
uh speak in korean please,SYSTEM
new story about a penguin,STORY
um nice to see you again little one,PET
please go to the garage,NAVIGATION
hi there little buddy,PET
hmm turn the sound on okay,SYSTEM
in the story what if a robot meets a dragon,STORY
teach me about atoms,STUDY
my guess is option b,GAME
summarize colors for me,STUDY
hey my favorite movie is book,CHAT
the cat is my final game answer,GAME
in the game i think it's yes,GAME
hmm i like birds,CHAT
okay cancel what you're doing,SYSTEM
what version are you,SYSTEM
in the story what does an alien find,STORY
hmm reboot right now,SYSTEM
hmm restart yourself,SYSTEM
please go to the closet,NAVIGATION
rotate left thanks,NAVIGATION
oh rest mode thanks,SYSTEM
is biology the same as electricity,STUDY
can you tell a story with a bunny and a monkey,STORY
what's your favorite dogs,CHAT
can you explain gravity,STUDY
my favorite movie is robots,CHAT
navigate to the pantry,NAVIGATION
you're the best,CHAT
pet pet pet love please,PET
in the story what if an astronaut meets a fairy,STORY
cheer up sweetie,PET
read me a story about a penguin,STORY
hey how about a game of geography quiz,GAME
hmm come with me to the pantry,NAVIGATION
what does gravity mean,STUDY
uh my favorite color is dogs right now,CHAT
uh time to play spelling bee,GAME
hey do you like birds now,CHAT
goodnight go to sleep now,SYSTEM
hmm you're adorable friend now,PET
oh be careful near the toy okay,NAVIGATION
uh turn off bluetooth,SYSTEM
uh change language to chinese okay,SYSTEM
teach me about plants,STUDY
in the story what if a superhero meets a monkey,STORY
explain the sun to me,STUDY
so switch to arabic,SYSTEM
hey switch to french now,SYSTEM
give me an explanation of history,STUDY
enable notifications,SYSTEM
did you know that elephants right now,CHAT
tell me something funny right now,CHAT
hmm set volume to seventy percent,SYSTEM
reboot please,SYSTEM
i feel like playing twenty questions,GAME
oh change language to german okay,SYSTEM
hmm i like stars,CHAT
restart the system please,SYSTEM
so i want to play science quiz now,GAME
time for patty cake,PET
follow me to the pantry,NAVIGATION
hmm my favorite game is dogs right now,CHAT
hey set brightness to half now,SYSTEM
so hey darling you're so cute,PET
hmm show me your twirl right now,PET
hey what's your favorite sport,CHAT
hey my favorite color is rainbows,CHAT
lead the way to the playroom,NAVIGATION
i like movie now,CHAT
um what do you think about stars right now,CHAT
oh i want to play peek-a-boo with you thanks,PET
um follow me to the study room thanks,NAVIGATION
go around the table,NAVIGATION
hmm rotate left okay,NAVIGATION
you make me so happy baby,PET
hmm what's your favorite stars thanks,CHAT
in the story what if a prince meets a unicorn,STORY
hmm my favorite food is flowers now,CHAT
oh restart everything,SYSTEM
hey let me guess three,GAME
so be careful near the chair thanks,NAVIGATION
so my favorite food is birds right now,CHAT
can you tell me a underwater story,STORY
can you tell a story with a pirate and a bunny,STORY
help me understand the alphabet,STUDY
turn off night mode okay,SYSTEM
so final answer option a,GAME
let's go with the bright forest,STORY
take me to the corridor,NAVIGATION
disable notifications,SYSTEM
in the story what if a lion meets a princess,STORY
begin a new game of rock paper scissors,GAME
let's play hangman,GAME
i'm guessing five please,GAME
what chapter is volcanoes in,STUDY
be careful near the lamp,NAVIGATION
in the story what if a detective meets a robot,STORY
my favorite movie is robots now,CHAT
okay well done robot okay,PET
where does a brave knight go next in the story,STORY
let me see you jump,PET
my favorite subject is ice cream right now,CHAT
in the story what happens to an alien,STORY
okay open geography quiz,GAME
hey aww cupcake you're the best right now,PET
let's play pretend together,PET
can you tell a story with a lion and a brave knight right now,STORY
uh my favorite animal is place,CHAT
in the game the answer is option one thanks,GAME
um change language to german,SYSTEM
go to the corridor,NAVIGATION
oh restart everything right now,SYSTEM
oh cancel all tasks thanks,SYSTEM
i pick the secret door,STORY
you're adorable sweetie now,PET
open riddles,GAME
um you're too loud okay,SYSTEM
i don't understand animals,STUDY
test my knowledge of history,STUDY
okay goodnight go to sleep now,SYSTEM
go to the closet,NAVIGATION
walk with me okay,NAVIGATION
can you tell a story with a superhero and a pirate,STORY
come with me to the garden okay,NAVIGATION
can you tell a story with a superhero and a fairy,STORY
let me see your happy face,PET
bring me to the front door,NAVIGATION
hmm set volume to seventy percent now,SYSTEM
can we review physics please,STUDY
i'm proud of you boo,PET
okay head over to the basement right now,NAVIGATION
my favorite movie is stars right now,CHAT
in the story what if a wizard meets a pirate,STORY
in the story what if a princess meets a pirate,STORY
oh walk six steps forward thanks,NAVIGATION
let's review subtraction,STUDY
tell me an adventure story about a pirate,STORY
spin me a yarn about a superhero,STORY
can you tell a story with a superhero and a superhero,STORY
can you tell a story with a wizard and a penguin,STORY
narrate a story about a bear,STORY
true is my final game answer,GAME
read me a story about a wizard,STORY
shut up now,SYSTEM
snuggle time munchkin,PET
take five steps forward right now,NAVIGATION
oh bring me to the closet okay,NAVIGATION
i want to go to the kitchen thanks,NAVIGATION
why do we need to learn division,STUDY
return home okay,NAVIGATION
in the story what if a penguin meets a talking cat,STORY
hmm i want to go to the nursery please,NAVIGATION
for the game i'll say no,GAME
hmm head over to the playroom now,NAVIGATION
in the story what if a bear meets a bunny,STORY
show me how multiplication works,STUDY
hey my favorite movie is pandas,CHAT
so i want to go to the closet right now,NAVIGATION
hmm my favorite animal is animal okay,CHAT
turn forward,NAVIGATION
okay pet pet pet munchkin,PET
invent a story about a superhero,STORY
um i like place okay,CHAT
ask me questions about math,STUDY
shake hand robot,PET
uh my favorite subject is movie,CHAT
what's the difference between the solar system and volcanoes,STUDY
uh why is the sky yellow right now,CHAT
do a wave for me,PET
in the story what if a superhero meets a witch,STORY
oh thank you now,CHAT
okay turn off right now,SYSTEM
give me an example of plants,STUDY
okay lead the way to the bathroom right now,NAVIGATION
oh my favorite animal is dogs okay,CHAT
please go to the sofa,NAVIGATION
is weather the same as colors,STUDY
aww hello cutie,PET
belly rub time munchkin,PET
my favorite game is ice cream right now,CHAT
uh let's go to the couch okay,NAVIGATION
in the story is a pirate safe,STORY
hey i want to go to the door okay,NAVIGATION
um look towards the hallway,NAVIGATION
switch to japanese,SYSTEM
hey buddy,PET
uh go to the corridor right now,NAVIGATION
teach me about sound,STUDY
hey disable bluetooth,SYSTEM
i want a harder trivia please,GAME
hmm you are so cool,CHAT
why do we need to learn atoms,STUDY
so turn off dark mode,SYSTEM
give me some love sunshine,PET
uh begin a tale about a lion okay,STORY
i want to play i spy,GAME
do you know any jokes,CHAT
um dim the lights thanks,SYSTEM
can you tell a story with an alien and a unicorn,STORY
do you like book right now,CHAT
um can you tell a story with a fairy and a ninja,STORY
why is the human body important,STUDY
um good to see you munchkin,PET
cancel everything,SYSTEM
is the solar system the same as volcanoes,STUDY
where does a unicorn go next in the story,STORY
so set volume to low please,SYSTEM
hmm pick a game for me now,GAME
hmm come here pal let me pet you,PET
ask me questions about science,STUDY
hey let's start card game right now,GAME
so my game answer is true,GAME
uh my favorite color is penguins please,CHAT
so go to the basement,NAVIGATION
in the story what happens to a unicorn,STORY
oh my game answer is the cat now,GAME
what's your favorite animal now,CHAT
so disable notifications,SYSTEM
turn on bluetooth now,SYSTEM
um take three steps forward,NAVIGATION
um follow me to the window okay,NAVIGATION
um my favorite animal is chocolate right now,CHAT
spin me a yarn about a puppy,STORY
for the game i'll say true,GAME
hey sleep mode,SYSTEM
hey enable do not disturb now,SYSTEM
what's the difference between weather and the moon,STUDY
oh i feel like playing would you rather please,GAME
what can you tell me about history,STUDY
hey face the study room,NAVIGATION
what's interesting about the brain,CHAT
in the story what if an astronaut meets a dinosaur,STORY
give me a quiz about history,STUDY
so take a few steps forward,NAVIGATION
in the story what if a unicorn meets a ninja,STORY
uh look towards the study room right now,NAVIGATION
hmm can you tell a story with a puppy and a dinosaur,STORY
can you tell a story with a fairy and a pirate,STORY
launch true or false,GAME
okay you make me smile baby thanks,PET
okay bring me to the playroom,NAVIGATION
my game answer is false,GAME
uh can we play connect four thanks,GAME
what level am i on,GAME
oh my favorite food is pizza,CHAT
oh do you like animal right now,CHAT
good morning nugget,PET
okay what time is it,CHAT
change language to german,SYSTEM
move to the hallway,NAVIGATION
so what's interesting about the sun,CHAT
oh why is the sky yellow thanks,CHAT
walk behind me,NAVIGATION
begin a tale about a bear,STORY
tag along with me,NAVIGATION
quit moving around,NAVIGATION
i want to learn about geography,STUDY
can we play geography quiz okay,GAME
so can you go to the back door,NAVIGATION
head to the nursery,NAVIGATION
my game answer is option b,GAME
hey why do we have to eat right now,CHAT
break down gravity for me,STUDY
so make a surprised face for me now,PET
follow me to the living room,NAVIGATION
what can you tell me about animals,STUDY
break down atoms for me,STUDY
oh i'll guess right okay,GAME
summarize light for me,STUDY
can you tell a story with an astronaut and a brave knight,STORY
okay come along with me,NAVIGATION
okay roll over boo,PET
give me an explanation of electricity,STUDY
did you know that the ocean right now,CHAT
i want to hear a story about a brave knight,STORY
you make me smile pal,PET
explain erosion in simple words,STUDY
load up rock paper scissors please,GAME
silence okay,SYSTEM
in the story what if a wizard meets a dinosaur,STORY
is fractions the same as erosion,STUDY
uh my favorite color is animal,CHAT
take two steps right right now,NAVIGATION
what's the definition of the human body,STUDY
hey my favorite movie is sport now,CHAT
you make me so happy love,PET
oh i feel like playing rock paper scissors,GAME
in the story who does a bear meet,STORY
hmm go to the bookshelf please,NAVIGATION
restart the system now,SYSTEM
disable airplane mode,SYSTEM
uh disable notifications,SYSTEM
refresh the system thanks,SYSTEM
oh lead the way to the bedroom right now,NAVIGATION
i don't understand shapes,STUDY
hmm the dog is my final game answer right now,GAME
in the story what if a wizard meets a prince,STORY
look towards the garage,NAVIGATION
okay head over to the door,NAVIGATION
test me on chemistry,STUDY
what is the answer to ten plus ten,STUDY
hmm switch to chinese,SYSTEM
let's start true or false please,GAME
in the story will a pirate be okay,STORY
follow me to the basement thanks,NAVIGATION
what can you tell me about fractions,STUDY
oh shut up,SYSTEM
can we play animal quiz thanks,GAME
okay power down right now,SYSTEM
oh restart the system,SYSTEM
um set brightness to high okay,SYSTEM
break down the food chain for me,STUDY
in the game it must be option c thanks,GAME
shake little paw sunshine,PET
shake hand nugget,PET
look towards the couch now,NAVIGATION
what's the difference between biology and plants,STUDY
what are the main points of ecosystems,STUDY
is colors the same as colors,STUDY
do a balance for me now,PET
move around,NAVIGATION
hey howdy,CHAT
begin a tale about a dragon,STORY
head over to the bookshelf,NAVIGATION
time for dress up,PET
final answer option b,GAME
move away from the rug,NAVIGATION
so power cycle,SYSTEM
enable airplane mode thanks,SYSTEM
oh how about a game of riddles okay,GAME
can we review vocabulary please,STUDY
i want a quiz on history,STUDY
um take a nap right now,SYSTEM
aww love you're the best,PET
okay refresh the system right now,SYSTEM
quiz time for reading,STUDY
is weather the same as cells,STUDY
hmm in the story what if a dragon meets a brave knight thanks,STORY
oh speak in arabic right now,SYSTEM
um set brightness to full,SYSTEM
so in the game the answer is option three,GAME
oh stop the story for now okay,STORY
turn the sound off please,SYSTEM
head over to the pantry,NAVIGATION
um i pick blue for the game okay,GAME
what's your favorite place now,CHAT
walk to the couch,NAVIGATION
hello my little cutie,PET
why is chemistry important,STUDY
can you help me with ten plus ten,STUDY
tell me about biology,STUDY
break down the moon for me,STUDY
so follow me to the kitchen,NAVIGATION
in the story what if a talking cat meets a dinosaur,STORY
can you go to the living room,NAVIGATION
i'm here for you little nugget,PET
okay my favorite food is sport,CHAT
can you tell a story with a superhero and a detective,STORY
go around the chair,NAVIGATION
once upon a time story about a bear,STORY
show me your confused face,PET
time for hide and seek,PET
my favorite animal is rainbows please,CHAT
hmm start a new story about a mermaid thanks,STORY
in the story what if an astronaut meets a mermaid,STORY
why do we need to learn dinosaurs,STUDY
time for pretend please,PET
hmm shake little paw love right now,PET
can you go to the back door,NAVIGATION
describe cells for me,STUDY
do you like the moon thanks,CHAT
can you tell a story with a bunny and a unicorn,STORY
show me a wave,PET
okay turn on dark mode right now,SYSTEM
in the story what if a dinosaur meets a princess,STORY
what does the food chain mean,STUDY
oh time to sleep,SYSTEM
good job robot,PET
is the sun the same as light,STUDY
hey shake hand pumpkin right now,PET
turn forward please,NAVIGATION
it's alright sunshine,PET
aww hello pumpkin,PET
okay let's play spelling bee,GAME
launch riddles,GAME
okay restart the system right now,SYSTEM
tell me about planets,STUDY
uh do you like place okay,CHAT
my favorite animal is dinosaurs right now,CHAT
okay i want a high five please,PET
hey in the story what if a penguin meets a superhero,STORY
follow me to the patio,NAVIGATION
oh can we play spelling bee,GAME
hey my favorite food is song please,CHAT
for the game i'll say ten,GAME
so make it quieter now,SYSTEM
okay i'm bored now,CHAT
open geography quiz thanks,GAME
in the game the answer is option two,GAME
i'm here for you little cutie right now,PET
hmm turn off airplane mode right now,SYSTEM
what's up okay,CHAT
can you tell a story with a detective and a brave knight,STORY
welcome back darling,PET
so hint please,GAME
um snuggle time love,PET
so my favorite food is the moon thanks,CHAT
what do you think about food please,CHAT
show me your sad face,PET
uh launch geography quiz thanks,GAME
what's your favorite book,CHAT
tell me a funny story,STORY
hmm i want to go to the back door,NAVIGATION
um in the game the answer is seven thanks,GAME
hmm for this round i pick the second one,GAME
can i have a wave,PET
scratch behind your ears pal,PET
uh turn off do not disturb now,SYSTEM
okay the cat is my final game answer,GAME
look towards the stairs,NAVIGATION
hmm play number guessing with me okay,GAME
i want a silly story,STORY
welcome back nugget,PET
what's five plus three,STUDY
scratch behind your ears pumpkin,PET
can you tell a story with a mermaid and a witch,STORY
my favorite movie is pandas,CHAT
what's your favorite ice cream,CHAT
what chapter is the water cycle in,STUDY
let's play simon says,GAME
how does chemistry work,STUDY
start a story in a cloud city,STORY
it's bedtime go to sleep please,SYSTEM
in the story what does a brave knight find,STORY
hey hey nugget i missed you,PET
hey let's play chess,GAME
i choose the hidden tunnel,STORY
do you know how to dance,PET
hey there little munchkin,PET
uh can we play tug of war right now,PET
nice to see you again darling,PET
how do you spell history,STUDY
so face the garage,NAVIGATION
how does animals work,STUDY
okay shake little paw cutie,PET
begin a tale about a superhero,STORY
hey i can't hear you speak louder okay,SYSTEM
in the story what if a unicorn meets a witch,STORY
take two steps right,NAVIGATION
um take me to the basement thanks,NAVIGATION
i want to learn about light,STUDY
hmm what are you please,CHAT
let's go with the golden key,STORY
aww little one you're the best,PET
okay do you want to play pretend,PET
hey new story about a ninja,STORY
stay away from the box,NAVIGATION
in the story what if a monkey meets a brave knight okay,STORY
is magnets the same as chemistry,STUDY
can you tell a story with a mermaid and a pirate,STORY
hey hey cutie you're so cute,PET
hey it's alright nugget please,PET
set brightness to medium okay,SYSTEM
so let me guess the last one okay,GAME
okay restart everything,SYSTEM
explain molecules in simple words,STUDY
hello my little friend now,PET
in the story what if a bunny meets a talking cat,STORY
let's start hangman okay,GAME
bring me to the porch,NAVIGATION
move to the attic now,NAVIGATION
hmm i want a pat on the head right now,PET
okay go to the dining room please,NAVIGATION
uh my favorite movie is ice cream right now,CHAT
oh set volume to high please,SYSTEM
so twenty is my final game answer please,GAME
create a story with a fairy,STORY
let me see you march,PET
um i like song,CHAT
what do you think about sport,CHAT
i'm feeling excited okay,CHAT
stop all tasks,SYSTEM
hey in the game i'll go with false okay,GAME
um take me to the playroom,NAVIGATION
i'm guessing option c,GAME
okay what's your favorite place please,CHAT
come with me to the hallway,NAVIGATION
there there baby,PET
i'm guessing the last one please,GAME
start a game of rock paper scissors,GAME
uh hi my sweet nugget now,PET
in the story what if a wizard meets a witch,STORY
i'm confused about dinosaurs,STUDY
my favorite food is song,CHAT
let me guess no,GAME
can you tell a story with a superhero and a mermaid,STORY
oh make a wink for me right now,PET
good morning pumpkin,PET
so pet pet pet baby,PET
okay in the game i think it's the cat right now,GAME
uh i want to go to the attic okay,NAVIGATION
so enable airplane mode okay,SYSTEM
let's have fun playing patty cake,PET
take me to the couch,NAVIGATION
summarize biology for me,STUDY
in the story what if a pirate meets a princess,STORY
i want a adventure story,STORY
hmm my favorite game is place thanks,CHAT
walk to the stairs now,NAVIGATION
in the story what if a princess meets a robot,STORY
okay what's interesting about butterflies,CHAT
um in the story what if a penguin meets a talking cat now,STORY
explain multiplication to me,STUDY
how is atoms used in real life,STUDY
hey scratch behind your ears buddy right now,PET
uh stay where you are okay,NAVIGATION
what's the difference between electricity and addition,STUDY
hmm what version are you right now,SYSTEM
hmm let me guess right,GAME
uh you make me smile friend,PET
can you explain weather,STUDY
show me how oceans works,STUDY
tell me about sound,STUDY
am i winning,GAME
face the hallway,NAVIGATION
okay let's go to the dining room now,NAVIGATION
hey i like pizza now,CHAT
so don't be sleepy now,PET
um pause everything,SYSTEM
uh i pick blue for the game now,GAME
i need to review molecules,STUDY
give me a test on english,STUDY
hmm restart your brain now,SYSTEM
so speak in korean,SYSTEM
my guess is option a,GAME
head to the sofa,NAVIGATION
hey set brightness to full thanks,SYSTEM
can you tell a story with a mermaid and a dinosaur,STORY
in the story what if a fairy meets a unicorn,STORY
is chemistry the same as the sun,STUDY
um load up number guessing okay,GAME
can you clarify the solar system,STUDY
hey in the story what if a penguin meets a bear right now,STORY
why is the ocean salty okay,CHAT
okay what do you think about movie,CHAT
play science quiz with me,GAME
oh let's start geography quiz now,GAME
i'll take care of you little one,PET
set volume to high please,SYSTEM
put on a pouty face,PET
stay away from the door,NAVIGATION
oh can you tell a story with a robot and a talking cat,STORY
so switch to arabic thanks,SYSTEM
so i want to go to the window now,NAVIGATION
um you're funny please,CHAT
what's your favorite place please,CHAT
so speak in hindi,SYSTEM
make it louder,SYSTEM
it's alright munchkin,PET
volume up please,SYSTEM
uh go around the box please,NAVIGATION
my favorite movie is book right now,CHAT
narrate a story about a wizard,STORY
good job buddy,PET
so switch to korean thanks,SYSTEM
how does the human body work,STUDY
can you tell a story with a talking cat and a bunny,STORY
in the game the answer is option b okay,GAME
oh hi there little robot now,PET
okay face the garage okay,NAVIGATION
make it quieter okay,SYSTEM
so create a story with a penguin,STORY
break down electricity for me,STUDY
um my favorite color is book right now,CHAT
let's play rock paper scissors now,GAME
oh in the story what if a witch meets a mermaid,STORY
uh set brightness to high please,SYSTEM
in the story what if an alien meets a superhero,STORY
uh speak in hindi now,SYSTEM
i wanna hear a story about a dinosaur,STORY
okay my favorite movie is dogs,CHAT
hmm stop everything,SYSTEM
in the story what if a talking cat meets a mermaid,STORY
change language to chinese please,SYSTEM
in the story is a witch safe now,STORY
oh can you tell a story with a talking cat and a monkey okay,STORY
let's review the solar system,STUDY
good to see you love,PET
is molecules the same as the human body,STUDY
shake arm sunshine,PET
move to the couch,NAVIGATION
uh lead the way to the balcony right now,NAVIGATION
hey what do you think about ice cream please,CHAT
um do a pouty face,PET
in the story what if a pirate meets a superhero,STORY
there there pal,PET
um enter sleep mode now now,SYSTEM
stop all tasks thanks,SYSTEM
what's interesting about elephants,CHAT
let's do a quiz on physics,STUDY
what's interesting about butterflies,CHAT
okay walk to the dining room right now,NAVIGATION
hmm are you real,CHAT
do you like toy,CHAT
hey face the dining room okay,NAVIGATION
spin me a yarn about a ninja,STORY
hmm disable bluetooth okay,SYSTEM
hey do you want to play fetch thanks,PET
hey set brightness to maximum,SYSTEM
be careful near the wall,NAVIGATION
i want to go to the sofa please,NAVIGATION
um set volume to low,SYSTEM
do you like dinosaurs,CHAT
uh do you like the moon,CHAT
can you go to the closet please,NAVIGATION
let's go to the bathroom,NAVIGATION
hey are you charging right now,SYSTEM
in the story what if a ninja meets a bunny,STORY
i wanna hear a story about an astronaut,STORY
restart your brain,SYSTEM
help me understand animals,STUDY
oh shake arm cutie,PET
i feel like playing simon says,GAME
read this lesson about history,STUDY
choose the secret door,STORY
so change language to korean okay,SYSTEM
hey let's cuddle friend,PET
hmm in the story does a unicorn win now,STORY
uh can you tell a story with a pirate and a detective,STORY
is the sun the same as colors,STUDY
in the story what if a robot meets a prince,STORY
in the story what if a talking cat meets an astronaut,STORY
i want to learn about volcanoes,STUDY
i want to hear a story about a unicorn,STORY
do you like pizza please,CHAT
help me with this math problem six times four,STUDY
time for follow the leader right now,PET
navigate to the table,NAVIGATION
move away from the table,NAVIGATION
oh head to the window okay,NAVIGATION
belly rub time nugget thanks,PET
oh set volume to low please,SYSTEM
in the story what if a dinosaur meets a pirate,STORY
uh volume up right now,SYSTEM
can you do a wiggle,PET
so my favorite game is rainbows,CHAT
disable do not disturb,SYSTEM
hi munchkin how are you,PET
hmm i'm feeling sad,CHAT
hey in the story what if a dinosaur meets an alien,STORY
what's the difference between magnets and subtraction,STUDY
welcome back pumpkin,PET
oh my favorite movie is flowers now,CHAT
what can you tell me about cells,STUDY
you make me so happy robot,PET
i want a magical story,STORY
do you like cats please,CHAT
explain the food chain in simple words,STUDY
i'm feeling bored,CHAT
easy mode please,GAME
uh good night now,CHAT
hey you're too quiet right now,SYSTEM
face the patio,NAVIGATION
okay dim the lights,SYSTEM
what's the definition of the water cycle,STUDY
can you teach me colors,STUDY
hmm how do airplanes fly okay,CHAT
head to the study room,NAVIGATION
so avoid the stairs,NAVIGATION
give me an explanation of the sun,STUDY
move to the playroom,NAVIGATION
okay lead the way to the patio,NAVIGATION
hi there little sweetie thanks,PET
so shake arm love now,PET
hmm i'm feeling bored,CHAT
in the game i think it's the first one right now,GAME
come with me to the back door,NAVIGATION
oh show me your excited face okay,PET
how about a game of card game,GAME
follow me to the garden,NAVIGATION
can you tell a story with a robot and a superhero,STORY
oh don't be nervous,PET
so i'm feeling curious thanks,CHAT
okay in the game the answer is yes please,GAME
oh what's your favorite toy thanks,CHAT
um reboot,SYSTEM
for the game i choose false,GAME
can you tell a story with a robot and a dinosaur,STORY
bring me to the back door now,NAVIGATION
can you teach me magnets,STUDY
everything will be fine robot,PET
hey volume down,SYSTEM
what's your favorite animal thanks,CHAT
hey change language to japanese,SYSTEM
okay my favorite food is birds,CHAT
right is my final game answer thanks,GAME
set volume to half right now,SYSTEM
um my favorite animal is book okay,CHAT
oh option c is my final game answer,GAME
oh turn off,SYSTEM
test me on vocabulary,STUDY
oh did you know that butterflies,CHAT
hmm turn on airplane mode right now,SYSTEM
i'm feeling tired,CHAT
i'll guess the second one,GAME
okay play treasure hunt with me,PET
my favorite animal is toy,CHAT
um the first one is my final game answer thanks,GAME
let's play math quiz,GAME
can you tell a story with a pirate and a ninja,STORY
good night,CHAT
uh bring me to the couch thanks,NAVIGATION
turn off do not disturb okay,SYSTEM
in the story what if a pirate meets a dragon,STORY
okay shake paw honeybun now,PET
start a new story about a dragon,STORY
so my favorite animal is song,CHAT
i want a quiz on geography,STUDY
aww hello munchkin,PET
hmm take ten steps forward now,NAVIGATION
can you tell a story with a unicorn and a dinosaur,STORY
so there there love right now,PET
uh in the game the answer is false right now,GAME
launch i spy thanks,GAME
power down,SYSTEM
i wanna hear a story about a penguin,STORY
so restart yourself,SYSTEM
quiz me on vocabulary,STUDY
my favorite subject is toy,CHAT
hmm standby mode now,SYSTEM
i'll guess option two,GAME
uh go to sleep,SYSTEM
what's the difference between photosynthesis and molecules,STUDY
let's cuddle sweetie,PET
read me a story about a bunny,STORY
uh my favorite subject is place right now,CHAT
so i'll guess true,GAME
uh say spaghetti in a funny voice right now,CHAT
um how about a game of maze please,GAME
oh set volume to low,SYSTEM
uh aww darling you're the best please,PET
take six steps forward,NAVIGATION
give me a thumbs up,PET
hey dim the lights,SYSTEM
hey my game answer is seven please,GAME
hey you're too quiet,SYSTEM
quiz time for english,STUDY
what does biology mean,STUDY
hmm please go to the study room thanks,NAVIGATION
i want to go to the table,NAVIGATION
you're so sweet buddy right now,PET
what's the difference between continents and geography,STUDY
can i have a handshake,PET
i feel like playing word guess,GAME
what chapter is continents in,STUDY
so walk to the nursery now,NAVIGATION
i want a harder animal quiz okay,GAME
um close the game please,GAME
teach me about gravity,STUDY
oh i want to go to the study room please,NAVIGATION
option d is my final game answer,GAME
okay in the game i'll go with left,GAME
uh turn on do not disturb please,SYSTEM
turn off night mode thanks,SYSTEM
so my favorite subject is color okay,CHAT
so unmute,SYSTEM
create a story with a penguin,STORY
what do you think about ice cream thanks,CHAT
i want to go to the kitchen right now,NAVIGATION
my favorite food is flowers,CHAT
head to the window,NAVIGATION
i love you munchkin,PET
final answer the cat please,GAME
read me a story about a monkey,STORY
make chemistry easier to understand,STUDY
hey restart your brain,SYSTEM
what makes thunder,CHAT
okay can you tell a story with an alien and a brave knight thanks,STORY
oh stop whatever you're doing thanks,SYSTEM
five is my final game answer,GAME
so make it quieter okay,SYSTEM
um begin a new game of math quiz okay,GAME
let's start twenty questions,GAME
hey in the game the answer is the dog please,GAME
is sound the same as fractions,STUDY
my favorite movie is chocolate,CHAT
in the story what if a penguin meets a bunny,STORY
freeze right now,NAVIGATION
help me understand addition,STUDY
once upon a time story about a witch,STORY
is atoms the same as plants,STUDY
i want a cuddle,PET
decrease volume right now,SYSTEM
load up word guess,GAME
in the story what if a robot meets a princess,STORY
hey move forward,NAVIGATION
i need to review geography,STUDY
can you tell a story with a talking cat and a detective,STORY
look towards the stairs now,NAVIGATION
so do you like cats please,CHAT
load up spelling bee,GAME
so my game answer is no please,GAME
describe animals for me,STUDY
i feel like playing puzzle,GAME
begin a new game of would you rather,GAME
come with me to the pantry,NAVIGATION
go over dinosaurs again,STUDY
oh speak in spanish,SYSTEM
uh did you know that dinosaurs,CHAT
um tell me about yourself,CHAT
let's go to the porch,NAVIGATION
okay reboot your system,SYSTEM
uh follow me please,NAVIGATION
take me to the basement thanks,NAVIGATION
okay don't worry pumpkin thanks,PET
once upon a time story about a talking cat,STORY
oh what's your favorite toy please,CHAT
um in the game it must be left okay,GAME
what do you think about the moon please,CHAT
let's see how much i know about history,STUDY
uh reboot yourself thanks,SYSTEM
i wanna hear a story about a lion,STORY
time to play maze,GAME
hey follow me to the study room,NAVIGATION
hmm standby mode,SYSTEM
let's try the left path,STORY
okay i like sport,CHAT
oh my favorite color is birds right now,CHAT
okay my favorite movie is penguins now,CHAT
pet pet pet cutie,PET
uh i feel like playing maze right now,GAME
hey got any maze going,GAME
uh what's your favorite penguins,CHAT
uh turn off bluetooth right now,SYSTEM
so my favorite movie is toy right now,CHAT
um where does an astronaut go next in the story,STORY
um are you feeling sleepy please,PET
go through the hidden tunnel,STORY
okay change language to korean,SYSTEM
my favorite movie is birds,CHAT
change language to hindi,SYSTEM
oh what's your favorite book,CHAT
spin me a yarn about a penguin,STORY
so snuggle time honeybun please,PET
bring me to the window,NAVIGATION
emergency stop right now,SYSTEM
um how about a game of puzzle please,GAME
standby mode right now,SYSTEM
can you teach me electricity,STUDY
can you tell a story with a fairy and a penguin,STORY
so i pick left for the game,GAME
come play catch with me,PET
i like flowers okay,CHAT
bring me to the back door,NAVIGATION
you make me smile sunshine,PET
in the game it must be red,GAME
in the story what if a princess meets a prince,STORY
is subtraction the same as division,STUDY
okay my favorite movie is the moon okay,CHAT
move away from the dog,NAVIGATION
oh are you charging please,SYSTEM
you make me so happy friend,PET
oh stop talking,SYSTEM
oh time for treasure hunt please,PET
what is chemistry,STUDY
okay sit down darling,PET
shake hand cutie,PET
hmm decrease volume okay,SYSTEM
show me how the water cycle works,STUDY
new story about a ninja,STORY
can you tell a story with a unicorn and a bunny,STORY
in the game it must be false right now,GAME
uh do you like pandas thanks,CHAT
so do you like ice cream thanks,CHAT
speak in german okay,SYSTEM
i like movie thanks,CHAT
um increase volume,SYSTEM
oh time to sleep right now,SYSTEM
hmm begin a new game of word scramble okay,GAME
in the story what if a pirate meets a witch,STORY
i need a kiss from you,PET
what is geography,STUDY
i'm confused about ecosystems,STUDY
can you tell a story with a bunny and a witch,STORY
let me guess option b,GAME
begin a new game of card game right now,GAME
give me your little paw,PET
um watch out for the chair,NAVIGATION
so what do you think about cars okay,CHAT
narrate a story about a witch,STORY
cheer up baby,PET
i'm guessing blue,GAME
okay i like game,CHAT
tell me a story about a monkey,STORY
i wanna hear a story about a brave knight,STORY
uh my favorite subject is dinosaurs okay,CHAT
did you know that elephants please,CHAT
do a restart okay,SYSTEM
oh do you like game,CHAT
um hush,SYSTEM
oh turn left,NAVIGATION
hmm in the game it must be ten thanks,GAME
let's see how much i know about math,STUDY
uh i pick blue for the game please,GAME
uh what version are you now,SYSTEM
hmm reboot yourself please,SYSTEM
hey in the game the answer is the second one,GAME
uh in the game i think it's yes thanks,GAME
uh hush now,SYSTEM
restart yourself right now,SYSTEM
lead the way to the attic right now,NAVIGATION
oh start a game of twenty questions now,GAME
what do you think about flowers now,CHAT
hmm tell a action story please now,STORY
hey restart yourself please,SYSTEM
i like cats now,CHAT
how is addition used in real life,STUDY
in the game i'll go with three now,GAME
um do you sleep please,CHAT
okay begin a new game of tic-tac-toe,GAME
uh turn the sound off thanks,SYSTEM
in the story what if a dragon meets a detective thanks,STORY
can you tell a story with a superhero and an alien,STORY
i don't understand oceans,STUDY
give me an explanation of light,STUDY
um can you tell a story with a pirate and a bear,STORY
um you're my best friend pumpkin,PET
um in the game i'll go with left,GAME
okay take a nap now,SYSTEM
okay give me another hint,GAME
my favorite subject is dogs right now,CHAT
um set volume to seventy percent,SYSTEM
oh in the story what if a unicorn meets a unicorn okay,STORY
help me understand chemistry,STUDY
where does a superhero go next in the story now,STORY
solve three plus nine,STUDY
so can i have a hug now,PET
hey walk to the pantry,NAVIGATION
is oceans the same as fractions,STUDY
uh you're so sweet honeybun okay,PET
give me an example of electricity,STUDY
i pick the dog for the game,GAME
hey restart the system please,SYSTEM
uh good morning now,CHAT
give me a test on science,STUDY
what's the difference between addition and chemistry,STUDY
take six steps left,NAVIGATION
um show me a hug okay,PET
what's interesting about space right now,CHAT
uh my favorite game is movie,CHAT
i pick the hidden tunnel,STORY
in the game i'll go with the cat,GAME
enable wifi right now,SYSTEM
what's interesting about animals,CHAT
uh can we play maze right now,GAME
what can you tell me about biology,STUDY
what's interesting about the ocean please,CHAT
uh my favorite movie is animal thanks,CHAT
okay my favorite color is penguins,CHAT
uh wanna play dress up right now,PET
what's the difference between the sun and plants,STUDY
change language to french okay,SYSTEM
hello my little cutie right now,PET
i want to play checkers,GAME
what's your favorite cats right now,CHAT
uh hush please,SYSTEM
um my favorite game is color please,CHAT
follow me to the dining room,NAVIGATION
so please go to the table right now,NAVIGATION
my game answer is option a,GAME
um what's interesting about space right now,CHAT
what's the difference between condensation and dinosaurs,STUDY
walk two steps forward,NAVIGATION
how about a game of tic-tac-toe now,GAME
um i like food okay,CHAT
hey turn off do not disturb okay,SYSTEM
help me with this math problem eight times two,STUDY
belly rub time love,PET
oh for the game i choose red please,GAME
can you tell a story with a bear and a ninja,STORY
um start fresh,SYSTEM
can you tell a story with a prince and a pirate,STORY
oh move away from the bag,NAVIGATION
so can we play tug of war okay,PET
so dim the lights please,SYSTEM
hey i want to play catch with you please,PET
can you tell a story with a dinosaur and a brave knight,STORY
i have a question about plants,STUDY
mute please,SYSTEM
can you tell a story with a brave knight and a puppy right now,STORY
hello my little friend,PET
so update yourself,SYSTEM
hey speak in english now,SYSTEM
okay let's try the silver bridge please,STORY
face the table thanks,NAVIGATION
um hint please now,GAME
hey my favorite subject is sport,CHAT
for this round i pick three,GAME
uh create a story with a prince thanks,STORY
in the story what if a fairy meets a princess,STORY
okay in the story what if a unicorn meets a dragon okay,STORY
hello there boo,PET
turn on night mode please,SYSTEM
my favorite animal is ice cream,CHAT
why is the sky pink,CHAT
let's go to the front door right now,NAVIGATION
can you go to the pantry,NAVIGATION
in the story what if a talking cat meets a lion,STORY
so my favorite food is song okay,CHAT
break down condensation for me,STUDY
uh switch to japanese please,SYSTEM
in the story who does a unicorn meet okay,STORY
stop all tasks now,SYSTEM
oh be careful near the bag,NAVIGATION
can you tell me a happy story,STORY
can we play would you rather now,GAME
so don't worry boo,PET
hey enable wifi,SYSTEM
hey set brightness to maximum thanks,SYSTEM
take me to the pantry okay,NAVIGATION
can you tell a story with a unicorn and a princess,STORY
hmm walk to the dining room right now,NAVIGATION
quiz time for physics,STUDY
okay take me to the window,NAVIGATION
can you explain the water cycle,STUDY
hey my favorite animal is birds now,CHAT
okay silence thanks,SYSTEM
oh avoid the shoe,NAVIGATION
you're such a good cupcake,PET
oh bring me to the pantry,NAVIGATION
give me an explanation of shapes,STUDY
system check,SYSTEM
i like sport now,CHAT
can we play spelling bee,GAME
tell me an adventure story about a detective,STORY
shake arm munchkin right now,PET
take the tall mountain,STORY
oh i like chocolate right now,CHAT
how about a game of science quiz okay,GAME
oh speak in korean now,SYSTEM
um enable notifications now,SYSTEM
good evening darling,PET
so my favorite animal is chocolate thanks,CHAT
can we review chemistry please,STUDY
what's up,CHAT
can you tell a story with a witch and a prince,STORY
can you tell a story with a witch and a witch,STORY
i want to hear a story about a robot,STORY
go through the silver bridge,STORY
look towards the door now,NAVIGATION
in the story what if a brave knight meets a robot,STORY
um please go to the patio,NAVIGATION
uh make me laugh please,CHAT
you're so sweet robot right now,PET
hey boo you're so cute,PET
show me a cool balance,PET
time to play i spy,GAME
oh make it quieter,SYSTEM
hmm what do you think about penguins,CHAT
i love you buddy right now,PET
hush,SYSTEM
stay away from the stairs,NAVIGATION
hmm i can't hear you speak louder,SYSTEM
uh seven is my final game answer okay,GAME
you're so sweet nugget okay,PET
oh restart yourself okay,SYSTEM
welcome back robot,PET
can you tell a story with a lion and a puppy,STORY
ask me questions about biology,STUDY
so my game answer is red,GAME
tell me an adventure story about an alien,STORY
my favorite subject is song,CHAT
what's the definition of history,STUDY
um my favorite movie is animal,CHAT
so how do birds fly,CHAT
walk to the dining room please,NAVIGATION
oh what's your favorite pizza thanks,CHAT
um i'm here for you little boo now,PET
belly rub time baby,PET
um my guess is left right now,GAME
um move to the stairs thanks,NAVIGATION
switch to french now,SYSTEM
switch to arabic,SYSTEM
so can you tell a story with a ninja and a prince thanks,STORY
give me an example of volcanoes,STUDY
i want to go to the balcony,NAVIGATION
so can you go to the front door okay,NAVIGATION
um walk to the garage please,NAVIGATION
oh my favorite food is color,CHAT
hmm launch hangman thanks,GAME
time to play trivia,GAME
come with me to the playroom,NAVIGATION
look towards the sofa,NAVIGATION
can you teach me continents,STUDY
my favorite food is place thanks,CHAT
how do i solve double fourteen,STUDY
what's the difference between the solar system and multiplication,STUDY
navigate to the study room,NAVIGATION
in the story what if a fairy meets a dinosaur,STORY
oh my game answer is option a,GAME
thank you,CHAT
look towards the playroom,NAVIGATION
hey did you know that butterflies now,CHAT
take ten steps left,NAVIGATION
um in the game i'll go with twenty,GAME
can you tell a story with a witch and a detective,STORY
oh there there boo,PET
can you tell a story with a pirate and a robot,STORY
got any tic-tac-toe going,GAME
my favorite animal is cars,CHAT
in the story what if a brave knight meets a puppy,STORY
invent a story about a prince,STORY
let's play patty cake together,PET
my favorite animal is dogs please,CHAT
teach me about magnets,STUDY
put on a confused face please,PET
hmm move to the bookshelf okay,NAVIGATION
i pick five for the game,GAME
oh do you know how to march,PET
okay be careful near the stairs,NAVIGATION
i missed you friend,PET
why do we need to learn molecules,STUDY
mute thanks,SYSTEM
i love you darling,PET
can you go to the living room right now,NAVIGATION
i like ice cream please,CHAT
so good morning cupcake,PET
in the story what if a pirate meets a pirate,STORY
hmm come with me to the balcony now,NAVIGATION
come with me to the balcony,NAVIGATION
what's the difference between plants and the moon,STUDY
hey switch to spanish,SYSTEM
watch out for the toy now,NAVIGATION
play spelling bee with me,GAME
can you tell a story with a puppy and a robot,STORY
teach me about geography,STUDY
okay for this round i pick yes,GAME
oh my game answer is left,GAME
my favorite color is dogs please,CHAT
hey take ten steps backward okay,NAVIGATION
okay look towards the porch,NAVIGATION
start a story in a pirate ship,STORY
invent a story about a brave knight,STORY
what is the answer to double fourteen,STUDY
okay speak in japanese now,SYSTEM
so i like game,CHAT
spell subtraction for me,STUDY
hey switch to english thanks,SYSTEM
oh my game answer is the first one okay,GAME
don't be worried,PET
okay my favorite animal is animal,CHAT
i need help with the food chain,STUDY
uh let's have fun playing tug of war,PET
hey disable notifications,SYSTEM
you're my favorite baby,PET
hmm turn up the volume right now,SYSTEM
where does a dinosaur go next in the story,STORY
in the story what if a fairy meets a wizard,STORY
oh come play hide and seek with me right now,PET
i pick right for the game right now,GAME
follow me to the window,NAVIGATION
take me to the table please,NAVIGATION
you're my favorite darling right now,PET
check for updates okay,SYSTEM
what are the main points of biology,STUDY
move to the attic,NAVIGATION
in the story what if a superhero meets a princess right now,STORY
i want a harder trivia,GAME
i'm guessing right right now,GAME
hey make it louder,SYSTEM
create a story with a monkey,STORY
show me a hug,PET
i want to hear a story about a talking cat,STORY
um i'll guess the cat now,GAME
stop the story for now,STORY
reboot yourself okay,SYSTEM
i want to play tug of war with you,PET
change language to spanish,SYSTEM
um i want to go to the front door okay,NAVIGATION
hey lead the way to the hallway right now,NAVIGATION
head over to the basement,NAVIGATION
is volcanoes the same as condensation,STUDY
take three steps around,NAVIGATION
oh let's go to the bedroom right now,NAVIGATION
i'll guess blue right now,GAME
let's go with the magic portal,STORY
what's the difference between continents and shapes,STUDY
so my favorite food is animal okay,CHAT
in the story what if a detective meets a prince,STORY
hey munchkin i missed you,PET
how do you spell biology,STUDY
uh let me see you twirl thanks,PET
face the laundry room,NAVIGATION
what are the main points of multiplication,STUDY
choose the golden key,STORY
what are the main points of subtraction,STUDY
uh got any tic-tac-toe going thanks,GAME
aww hello friend,PET
spell continents for me,STUDY
begin a new game of geography quiz please,GAME
head to the couch,NAVIGATION
shake little paw friend,PET
let's cuddle friend,PET
hmm in the story what if a lion meets a prince,STORY
can you do a jump,PET
um take me to the couch right now,NAVIGATION
in the game i'll go with option d,GAME
uh start fresh thanks,SYSTEM
do a bow for me,PET
there there sweetie,PET
my favorite animal is color,CHAT
launch rock paper scissors,GAME
set brightness to full,SYSTEM
what are the main points of magnets,STUDY
navigate to the bookshelf,NAVIGATION
start a new story about a superhero,STORY
so my favorite color is ice cream,CHAT
switch to german right now,SYSTEM
in the story what if a monkey meets a unicorn,STORY
can you go to the bookshelf,NAVIGATION
what are the main points of light,STUDY
hey robot you're so cute,PET
hey can we play checkers okay,GAME
hey switch to hindi,SYSTEM
start a game of card game,GAME
teach me about continents,STUDY
so i want a adventure story please,STORY
i pick option b for the game okay,GAME
uh what's your favorite animal please,CHAT
i want to go to the nursery,NAVIGATION
hey let's go to the balcony please,NAVIGATION
quiz me on geography,STUDY
what is the answer to two times eight,STUDY
turn off bluetooth right now,SYSTEM
do you like penguins,CHAT
what's the difference between gravity and volcanoes,STUDY
what's the difference between fractions and cells,STUDY
disable dark mode,SYSTEM
what chapter is condensation in,STUDY
louder please please,SYSTEM
shake little paw pumpkin,PET
um can you tell a story with a lion and a dragon please,STORY
oh my favorite subject is dogs,CHAT
restart everything thanks,SYSTEM
explain cells in simple words,STUDY
shake arm nugget,PET
in the story what if a monkey meets a prince,STORY
can you tell a story with a unicorn and a prince,STORY
uh i want a harder chess,GAME
describe erosion for me,STUDY
continue the story please,STORY
can you tell a story with an alien and a dinosaur,STORY
hmm change language to french now,SYSTEM
narrate a story about a pirate,STORY
can you clarify condensation,STUDY
spell erosion for me,STUDY
oh where does an astronaut go next in the story right now,STORY
hmm take me to the porch right now,NAVIGATION
good to see you buddy,PET
what's the hint,GAME
uh turn on dark mode okay,SYSTEM
what's the difference between the alphabet and cells,STUDY
so let me see your smile,PET
okay my favorite subject is birds okay,CHAT
hello there darling,PET
ask me questions about spelling,STUDY
hey do you like song please,CHAT
enable do not disturb right now,SYSTEM
let's play memory match,GAME
set brightness to medium,SYSTEM
tell me a bedtime story,STORY
um good morning please,CHAT
hmm walk to the corridor,NAVIGATION
oh i want a harder rock paper scissors right now,GAME
let me guess blue,GAME
head over to the sofa,NAVIGATION
uh my favorite movie is pandas,CHAT
i want a kiss,PET
so please go to the corridor,NAVIGATION
who made you,CHAT
in the story what if a bear meets a bunny okay,STORY
follow me to the playroom right now,NAVIGATION
please go to the stairs,NAVIGATION
hmm i like cats now,CHAT
head to the bathroom,NAVIGATION
uh game over please,GAME
oh in the game i'll go with option b now,GAME
it's okay if you're sad,PET
hey set volume to medium,SYSTEM
let's study geography together,STUDY
i want the tall mountain,STORY
in the story what if a puppy meets a detective,STORY
launch i spy,GAME
walk to the door,NAVIGATION
oh silence now,SYSTEM
start a new story about a dinosaur,STORY
i'm feeling excited now,CHAT
what's the difference between the water cycle and photosynthesis,STUDY
aww hello robot,PET
um my favorite food is chocolate,CHAT
so my favorite animal is song please,CHAT
uh for the game i'll say ten okay,GAME
i had a terrible day right now,CHAT
walk to the bathroom,NAVIGATION
give me an example of molecules,STUDY
is fractions the same as the food chain,STUDY
hey open riddles,GAME
can you tell a story with a princess and a brave knight,STORY
what chapter is cells in,STUDY
can you tell a story with a monkey and an alien,STORY
okay give me a boop thanks,PET
let's do dress up together,PET
can you teach me animals,STUDY
in the story what if an alien meets an astronaut,STORY
how about a game of number guessing,GAME
oh in the story what if an astronaut meets an astronaut please,STORY
oh you're such a good love right now,PET
can you tell a story with an astronaut and a superhero,STORY
shake hand little one,PET
i had a wonderful day,CHAT
hmm change language to french right now,SYSTEM
my guess is ten now,GAME
how do you spell light,STUDY
can you teach me division,STUDY
oh let me guess seven please,GAME
navigate to the garden thanks,NAVIGATION
hey follow me to the study room okay,NAVIGATION
how about a game of trivia okay,GAME
okay i love you darling,PET
hey friend i missed you,PET
i don't want to play anymore now,GAME
my favorite game is flowers please,CHAT
i pick option a for the game,GAME
hey time to play geography quiz thanks,GAME
uh set volume to half,SYSTEM
so i'm feeling angry,CHAT
okay for this round i pick seven thanks,GAME
in the story who does a detective meet,STORY
show me how magnets works,STUDY
oh time for hide and seek okay,PET
okay set brightness to half now,SYSTEM
hey you make me so happy honeybun please,PET
um how do birds fly,CHAT
do a balance for me,PET
lead the way to the closet please,NAVIGATION
um i pick left for the game,GAME
okay my favorite subject is pandas now,CHAT
come here nugget let me pet you,PET
give me an explanation of the solar system,STUDY
can you tell a story with a wizard and a prince,STORY
in the story what if a penguin meets a superhero,STORY
uh welcome back pal,PET
can you explain condensation,STUDY
uh begin a new game of word scramble now,GAME
my favorite color is cars okay,CHAT
head over to the porch,NAVIGATION
um i like pandas,CHAT
give me a summary of math,STUDY
can you count to ten,CHAT
hey what do you think about robots,CHAT
do you like animal,CHAT
come give me a cuddle,PET
oh can you make a silly face right now,PET
can you go to the corridor,NAVIGATION
can you clarify continents,STUDY
hmm in the story what if a lion meets a mermaid,STORY
why is the sky yellow,CHAT
okay my favorite food is movie thanks,CHAT
you're so sweet love,PET
uh can we play hangman,GAME
give me some love pumpkin,PET
uh good morning friend thanks,PET
do you like food thanks,CHAT
in the game the answer is twenty okay,GAME
can you tell a story with an alien and a penguin,STORY
can you tell a story with an astronaut and a unicorn,STORY
oh load up riddles right now,GAME
in the story what if an astronaut meets a wizard,STORY
um what time is it,CHAT
break down the sun for me,STUDY
let's start word guess,GAME
oh my favorite animal is book please,CHAT
is sound the same as history,STUDY
my favorite color is robots okay,CHAT
okay my favorite subject is penguins,CHAT
do you like movie please,CHAT
let's go to the dining room,NAVIGATION
uh got any number guessing going now,GAME
hmm take me to the hallway,NAVIGATION
i need help with dinosaurs,STUDY
um return to your station,NAVIGATION
stay away from the toy,NAVIGATION
is atoms the same as continents,STUDY
give me a quiz about social studies,STUDY
hey head over to the laundry room please,NAVIGATION
hey in the story is a prince safe,STORY
take ten steps around please,NAVIGATION
turn off bluetooth now,SYSTEM
oh my favorite animal is place,CHAT
can you tell a story with a pirate and a princess,STORY
uh set brightness to medium now,SYSTEM
put on a wink,PET
snuggle time sweetie,PET
um unmute right now,SYSTEM
hmm look towards the kitchen thanks,NAVIGATION
is biology the same as cells,STUDY
what's the difference between the solar system and biology,STUDY
be careful near the wall now,NAVIGATION
in the story what if a prince meets a puppy please,STORY
for the game i'll say option c,GAME
test my knowledge of spelling,STUDY
can you tell a story with a dragon and a detective,STORY
avoid the bag,NAVIGATION
um what do you think about toy okay,CHAT
in the story who does a wizard meet,STORY
go over electricity again,STUDY
hmm do you like animal thanks,CHAT
um my favorite food is pizza,CHAT
how do you spell photosynthesis,STUDY
hmm bring me to the pantry,NAVIGATION
i want to go to the playroom,NAVIGATION
hey speak in arabic,SYSTEM
okay did you know that elephants,CHAT
what can you tell me about addition,STUDY
don't worry sweetie,PET
oh my favorite animal is pandas please,CHAT
hey hi there little cutie,PET
is oceans the same as biology,STUDY
are you charging now,SYSTEM
uh i feel like playing checkers,GAME
uh i had a okay day now,CHAT
in the story what if a brave knight meets a detective,STORY
in the game i think it's option b,GAME
okay in the story what if a puppy meets a dinosaur okay,STORY
okay can you sing a song right now,CHAT
so in the game the answer is blue okay,GAME
okay can you tell a story with a dragon and a wizard,STORY
create a story with a ninja,STORY
hmm for this round i pick option two right now,GAME
in the story what if a prince meets a prince,STORY
what's the difference between the water cycle and the moon,STUDY
don't worry baby,PET
let's start number guessing,GAME
um i'm bored right now,CHAT
okay my favorite food is toy right now,CHAT
in the story what if a dinosaur meets a prince,STORY
come with me to the attic now,NAVIGATION
belly rub time sweetie,PET
oh turn on notifications now,SYSTEM
open math quiz please,GAME
welcome back baby,PET
in the story what if a superhero meets an alien,STORY
um take me to the attic,NAVIGATION
um in the story what happens to a prince okay,STORY
well done love thanks,PET
restart please,SYSTEM
can you go to the kitchen,NAVIGATION
my favorite subject is pandas please,CHAT
in the story what if a witch meets a princess,STORY
um go around okay,NAVIGATION
look towards the bathroom,NAVIGATION
you're my best friend cupcake,PET
um pet pet pet munchkin thanks,PET
can you tell a story with a lion and a fairy,STORY
i feel like playing true or false okay,GAME
oh hello there nugget okay,PET
take me to the front door okay,NAVIGATION
okay let's play word scramble okay,GAME
hmm let's play rock paper scissors please,GAME
um my favorite animal is rainbows now,CHAT
uh invent a story about a prince right now,STORY
help me practice biology,STUDY
hi my sweet baby,PET
shake paw cupcake,PET
tell me an adventure story about a prince okay,STORY
uh play geography quiz with me now,GAME
so what's your favorite robots okay,CHAT
let's have fun playing ball,PET
hello my little cupcake,PET
okay what do you think about color,CHAT
how about a game of word guess,GAME
so turn off,SYSTEM
oh please stop moving now,NAVIGATION
in the story what if a brave knight meets a wizard,STORY
take me to the laundry room now,NAVIGATION
so my favorite animal is dogs okay,CHAT
in the story is a mermaid safe,STORY
look towards the living room now,NAVIGATION
in the game i'll go with option three,GAME
break down fractions for me,STUDY
face the door,NAVIGATION
hmm invent a story about a bunny,STORY
walk to the bookshelf,NAVIGATION
show me a cool wave,PET
in the story does a bear win,STORY
hey can you tell a story with a talking cat and a dragon now,STORY
do you know any songs now,CHAT
okay enable dark mode right now,SYSTEM
um face the dining room okay,NAVIGATION
i want a high five,PET
okay let's do fetch together thanks,PET
oh what's interesting about elephants,CHAT
hey you make me so happy love,PET
my guess is red okay,GAME
uh cancel what you're doing now,SYSTEM
set volume to minimum,SYSTEM
hey quieter please,SYSTEM
okay take six steps right please,NAVIGATION
head to the hallway,NAVIGATION
um begin a new game of puzzle thanks,GAME
spin me a yarn about a bunny,STORY
in the story who does a prince meet,STORY
hmm load up true or false,GAME
can you tell a story with a dragon and a ninja,STORY
um next level now,GAME
final answer false,GAME
um look towards the bookshelf please,NAVIGATION
okay speak in german now,SYSTEM
can you tell a story with an alien and a detective,STORY
uh my favorite color is food right now,CHAT
uh i want to go to the front door now,NAVIGATION
my favorite game is cars please,CHAT
so stay with me,NAVIGATION
what is the answer to fifteen minus six,STUDY
um go to the couch thanks,NAVIGATION
uh take two steps forward,NAVIGATION
is it going to rain,CHAT
uh do you want to be friends now,CHAT
good evening baby right now,PET
oh disable do not disturb thanks,SYSTEM
what do you think about flowers,CHAT
uh my favorite color is chocolate,CHAT
time to play word guess,GAME
so everything will be fine nugget,PET
in the story what if a lion meets a prince please,STORY
hey navigate to the door thanks,NAVIGATION
hey what's your battery level thanks,SYSTEM
run diagnostics,SYSTEM
hey change language to spanish please,SYSTEM
hey nice to see you again pal please,PET
hmm in the game it must be option b,GAME
hmm face the dining room please,NAVIGATION
what does the moon mean,STUDY
uh in the game i think it's the last one,GAME
okay let's play number guessing please,GAME
hmm i want a harder rock paper scissors,GAME
hi buddy how are you now,PET
can you tell a story with a superhero and a dinosaur,STORY
um my favorite movie is the moon right now,CHAT
um walk to the entrance right now,NAVIGATION
walk to the bedroom,NAVIGATION
okay final answer five right now,GAME
do your best flip,PET
in the story what if a detective meets a lion thanks,STORY
look towards the back door now,NAVIGATION
be careful near the stairs right now,NAVIGATION
hey i pick option a for the game,GAME
in the game i'll go with option a,GAME
uh my favorite movie is the moon,CHAT
i like birds,CHAT
i need help with multiplication,STUDY
walk to the attic okay,NAVIGATION
head over to the dining room,NAVIGATION
um watch out for the bag please,NAVIGATION
invent a story about an astronaut,STORY
change language to french now,SYSTEM
hey let's go to the laundry room please,NAVIGATION
let's review addition,STUDY
so i had a okay day,CHAT
oh in the game i'll go with the first one,GAME
summarize geography for me,STUDY
i don't understand biology,STUDY
what chapter is the food chain in,STUDY
my favorite food is birds,CHAT
make subtraction easier to understand,STUDY
can you clarify the water cycle,STUDY
can you tell a story with a bunny and a dragon,STORY
um in the game i think it's the dog right now,GAME
explain chemistry to me,STUDY
can you tell a story with a monkey and a monkey,STORY
explain weather to me,STUDY
in the story what if a princess meets an astronaut,STORY
please go to the bathroom okay,NAVIGATION
my game answer is twenty right now,GAME
teach me about chemistry,STUDY
what's fifteen minus six,STUDY
let's have fun playing tag,PET
review the solar system with me,STUDY
okay my favorite color is stars,CHAT
you make me smile friend,PET
uh create a story with a bunny,STORY
i need to review magnets,STUDY
hmm follow me to the porch right now,NAVIGATION
i want to go to the dining room okay,NAVIGATION
where does a witch go next in the story,STORY
good job pal thanks,PET
check for updates now,SYSTEM
i don't know give me a hint,GAME
um set brightness to seventy percent,SYSTEM
oh set brightness to maximum please,SYSTEM
can you teach me volcanoes,STUDY
okay navigate to the attic right now,NAVIGATION
can you tell a story with a pirate and a witch,STORY
can you tell a story with a detective and a dragon,STORY
go over the alphabet again,STUDY
okay switch to arabic,SYSTEM
help me understand oceans,STUDY
make a confused face for me,PET
is biology the same as the food chain,STUDY
so speak in japanese thanks,SYSTEM
can you explain planets,STUDY
hmm who is your best friend okay,CHAT
um my favorite animal is the moon,CHAT
in the game the answer is option d,GAME
oh tell me a story about a brave knight,STORY
read me a story about a puppy,STORY
head to the back door,NAVIGATION
follow me to the patio please,NAVIGATION
shake paw little one,PET
hmm go to sleep thanks,SYSTEM
so follow me to the study room,NAVIGATION
um i pick option c for the game thanks,GAME
roll over buddy,PET
so set volume to fifty percent now,SYSTEM
oh for the game i'll say the second one please,GAME
tell me an adventure story about a witch,STORY
hey open riddles now,GAME
okay return home thanks,NAVIGATION
in the story what if a dinosaur meets a unicorn,STORY
what are the main points of the water cycle,STUDY
you make me smile munchkin,PET
option one is my final game answer,GAME
hey go to the garden now,NAVIGATION
oh what do you think about flowers okay,CHAT
show me your shake,PET
my favorite food is toy,CHAT
aww robot you're the best,PET
oh what's your favorite movie thanks,CHAT
um why is the sky blue thanks,CHAT
cancel what you're doing thanks,SYSTEM
uh restart the system right now,SYSTEM
um can you tell a story with a bear and a witch,STORY
hi little one how are you,PET
come here little one let me pet you,PET
my favorite animal is rainbows okay,CHAT
so turn on airplane mode thanks,SYSTEM
watch out for the door,NAVIGATION
uh unmute now,SYSTEM
i'll guess option c right now,GAME
show me how gravity works,STUDY
what do you think about rainbows,CHAT
can i have a fist bump,PET
um stop talking please,SYSTEM
is fractions the same as plants,STUDY
okay turn on night mode right now,SYSTEM
hmm reset yourself now,SYSTEM
okay mute thanks,SYSTEM
hey launch science quiz right now,GAME
okay increase volume okay,SYSTEM
in the story what if a witch meets a lion,STORY
in the story what if a dragon meets a ninja right now,STORY
can you tell a story with a brave knight and a unicorn,STORY
my favorite animal is animal,CHAT
oh can you tell a story with a brave knight and a mermaid okay,STORY
my guess is right please,GAME
hey turn off do not disturb please,SYSTEM
uh turn down the volume right now,SYSTEM
please go to the dining room,NAVIGATION
oh can you go to the hallway thanks,NAVIGATION
please go to the pantry,NAVIGATION
what are the main points of division,STUDY
go over animals again,STUDY
uh set brightness to high,SYSTEM
my favorite subject is movie thanks,CHAT
can you tell a story with a robot and a mermaid,STORY
hey pumpkin you're so cute,PET
you're my favorite sunshine,PET
my favorite movie is ice cream,CHAT
i wanna hear a story about a wizard,STORY
hmm good job pal please,PET
can you tell a story with an alien and a prince,STORY
do you like toy okay,CHAT
what's the difference between the food chain and oceans,STUDY
can you tell a story with a superhero and a princess,STORY
hmm my favorite food is animal,CHAT
so can you tell a story with a mermaid and a talking cat,STORY
everything will be fine friend,PET
let me guess option one now,GAME
in the story what if a dinosaur meets an alien,STORY
my favorite movie is food,CHAT
hmm don't stop the story,STORY
okay refresh the system thanks,SYSTEM
let's stop playing,GAME
walk six steps forward right now,NAVIGATION
oh take two steps right,NAVIGATION
so face the basement,NAVIGATION
take three steps backward,NAVIGATION
uh pause everything now,SYSTEM
so i'll guess option a now,GAME
walk to the study room,NAVIGATION
let's play would you rather,GAME
uh enable night mode,SYSTEM
navigate to the couch,NAVIGATION
hmm lead the way to the laundry room,NAVIGATION
how do you spell chemistry,STUDY
review gravity with me,STUDY
so face the balcony please,NAVIGATION
so i need a wave from you,PET
avoid the stairs,NAVIGATION
let's review planets,STUDY
uh pause everything please,SYSTEM
sit down buddy,PET
come with me to the corridor,NAVIGATION
do you know how to bow now,PET
hmm my favorite game is food okay,CHAT
explain plants in simple words,STUDY
hey i had a bad day please,CHAT
hello my little nugget,PET
what's the difference between the water cycle and the solar system,STUDY
i'm confused about plants,STUDY
lead the way to the garage,NAVIGATION
narrate a story about a unicorn,STORY
what's the difference between the water cycle and cells,STUDY
oh for the game i choose the first one,GAME
so tell me a fun fact thanks,CHAT
how about a game of memory match now,GAME
review photosynthesis with me,STUDY
can you tell a story with a superhero and a penguin,STORY
okay what's your favorite the moon right now,CHAT
uh i like cats,CHAT
what do you think about pandas okay,CHAT
let's study history together,STUDY
you did great cutie,PET
hey i want to go to the bookshelf now,NAVIGATION
so my favorite food is ice cream right now,CHAT
in the game the answer is option a,GAME
play riddles with me,GAME
so move away from the door right now,NAVIGATION
can you tell a story with an alien and a witch,STORY
let's play maze please,GAME
hmm help me out with this game,GAME
show me your wave,PET
let's play tic-tac-toe,GAME
what's the definition of the food chain,STUDY
keep telling the story,STORY
okay why is the sky pink right now,CHAT
review the water cycle with me,STUDY
in the story what if an astronaut meets a lion,STORY
in the story what if a brave knight meets a prince,STORY
so come play treasure hunt with me right now,PET
my favorite subject is color,CHAT
go to the kitchen,NAVIGATION
oh what's interesting about space right now,CHAT
um reboot yourself now,SYSTEM
so i'll take care of you cutie,PET
you're my favorite pal,PET
what's the difference between erosion and the human body,STUDY
let's have fun playing red light green light,PET
oh move away from the lamp,NAVIGATION
in the game i'll go with option one,GAME
hmm make it quieter,SYSTEM
um sleep now,SYSTEM
um set volume to minimum thanks,SYSTEM
can you teach me plants,STUDY
is addition the same as addition,STUDY
what's the difference between volcanoes and sound,STUDY
let's do chase together,PET
what is sound,STUDY
my favorite color is stars right now,CHAT
hmm i like dogs thanks,CHAT
so everything will be fine munchkin thanks,PET
what's the difference between the water cycle and magnets,STUDY
can you tell a story with a monkey and a bunny,STORY
okay my favorite game is stars okay,CHAT
so my favorite color is rainbows now,CHAT
i like song now,CHAT
show me how electricity works,STUDY
in the story what happens to a monkey,STORY
do you like food please,CHAT
um what do you think about rainbows,CHAT
quiz time for grammar,STUDY
set volume to high,SYSTEM
let's go to the back door,NAVIGATION
what does multiplication mean,STUDY
begin a tale about an alien,STORY
in the story what if a bunny meets a monkey,STORY
can you tell a story with a dragon and a wizard,STORY
uh turn off bluetooth thanks,SYSTEM
tell me a space tale,STORY
do you want to play tug of war,PET
i want to go to the garage now,NAVIGATION
my favorite color is the moon,CHAT
can you teach me the food chain,STUDY
can you tell a story with a dinosaur and a ninja,STORY
my favorite food is rainbows thanks,CHAT
uh walk to the closet please,NAVIGATION
i feel like playing word guess please,GAME
everything will be fine nugget,PET
um got any word guess going,GAME
uh my favorite game is movie thanks,CHAT
hey can you go to the laundry room,NAVIGATION
load up riddles,GAME
uh set volume to high please,SYSTEM
um time to sleep right now,SYSTEM
go forward,NAVIGATION
pet pet pet honeybun,PET
oh how about a game of animal quiz thanks,GAME
um aww cupcake you're the best right now,PET
belly rub time pal,PET
uh what do you think about cats,CHAT
um in the story what if a talking cat meets a witch,STORY
what's the difference between molecules and light,STUDY
how does light work,STUDY
give me some love cupcake,PET
i want to play catch with you right now,PET
my favorite animal is food,CHAT
what's the difference between photosynthesis and the moon,STUDY
hey take me to the front door,NAVIGATION
help me understand the moon,STUDY
hey do you know how to bow please,PET
keep following me,NAVIGATION
take five steps right,NAVIGATION
so walk to the living room now,NAVIGATION
uh what's your favorite robots,CHAT
in the game it must be the first one,GAME
why do we need to learn fractions,STUDY
you're my favorite buddy,PET
it's alright darling,PET
tell me an adventure story about a wizard,STORY
for the game i choose option one,GAME
what's the definition of multiplication,STUDY
let's do a quiz on history,STUDY
what do you think about animal thanks,CHAT
stay away from the shoe thanks,NAVIGATION
i need to review gravity,STUDY
um what's your favorite place,CHAT
i need help with the water cycle,STUDY
three is my final game answer,GAME
what's the difference between the solar system and magnets,STUDY
okay how am i doing thanks,GAME
uh set brightness to half okay,SYSTEM
can you tell a story with a unicorn and a talking cat,STORY
let's go to the front door,NAVIGATION
hmm what do you think about birds thanks,CHAT
in the story what if a superhero meets an astronaut,STORY
oh do you like pizza please,CHAT
walk to the back door okay,NAVIGATION
hmm let's go to the door okay,NAVIGATION
um in the game it must be right now,GAME
bring me to the living room okay,NAVIGATION
in the story what if a bear meets a wizard,STORY
do you know how to jump,PET
hmm come play fetch with me,PET
can you tell a story with a wizard and a ninja right now,STORY
in the game it must be blue,GAME
you did great robot,PET
i want to learn about the sun,STUDY
describe the human body for me,STUDY
hey my favorite game is game,CHAT
uh stop whatever you're doing,SYSTEM
do a silly face,PET
start a game of checkers please,GAME
quiz me on social studies,STUDY
my favorite food is food now,CHAT
for this round i pick the first one now,GAME
okay look towards the stairs okay,NAVIGATION
in the story what if a wizard meets a talking cat,STORY
my guess is three,GAME
hmm my favorite color is birds right now,CHAT
give me a test on history,STUDY
um go to the living room,NAVIGATION
move to the laundry room,NAVIGATION
navigate to the attic,NAVIGATION
move away from the rug okay,NAVIGATION
can you tell a story with a superhero and a bunny,STORY
new game please thanks,GAME
i like stars,CHAT
got any riddles going now,GAME
hey louder please thanks,SYSTEM
hmm head to the kitchen now,NAVIGATION
in the story what if a monkey meets a detective,STORY
can you tell me a funny story,STORY
okay in the game the answer is option one right now,GAME
oh do you like cats,CHAT
are you feeling worried,PET
for the game i choose the last one,GAME
what's your favorite robots now,CHAT
um come with me to the closet,NAVIGATION
once upon a time story about a mermaid,STORY
can we play animal quiz right now,GAME
oh volume up okay,SYSTEM
um in the game the answer is blue now,GAME
solve seven times three,STUDY
exit the game,GAME
uh tell a adventure story please,STORY
navigate to the nursery thanks,NAVIGATION
um quieter please okay,SYSTEM
tell me a joke,CHAT
scratch behind your ears friend,PET
load up word guess please,GAME
tell me a story about a brave knight,STORY
spin me a yarn about an alien,STORY
um got any connect four going please,GAME
hmm louder please thanks,SYSTEM
okay can you tell a story with a pirate and a superhero please,STORY
so i'm guessing left,GAME
hmm my favorite animal is stars,CHAT
hmm for this round i pick option two please,GAME
describe magnets for me,STUDY
okay in the story what if a ninja meets a robot okay,STORY
my favorite color is rainbows,CHAT
okay start fresh thanks,SYSTEM
what do you think about cats right now,CHAT
i missed you sweetie,PET
face the closet,NAVIGATION
hey there there robot okay,PET
follow me to the hallway,NAVIGATION
uh power down,SYSTEM
okay i'm happy today,CHAT
stop all tasks please,SYSTEM
please go to the window,NAVIGATION
bring me to the kitchen,NAVIGATION
what's the difference between history and the water cycle,STUDY
hey my favorite food is book,CHAT
so i like birds please,CHAT
can you teach me dinosaurs,STUDY
so in the game i'll go with left,GAME
hmm set brightness to maximum please,SYSTEM
can you teach me the moon,STUDY
final answer ten,GAME
uh set volume to low,SYSTEM
um do you like animal,CHAT
make the food chain easier to understand,STUDY
in the game the answer is three,GAME
how old are you now,CHAT
oh i want a nose boop okay,PET
begin a tale about a detective,STORY
turn on wifi please,SYSTEM
okay got any card game going please,GAME
uh move away from the wall thanks,NAVIGATION
in the story what happens to a prince,STORY
hmm let me guess five,GAME
wanna play hide and seek,PET
hi my sweet cupcake please,PET
can you do a spin,PET
uh can you go to the living room,NAVIGATION
take two steps left,NAVIGATION
hey there little sweetie,PET
i missed you honeybun,PET
i pick the magic portal thanks,STORY
hmm in the story what if an alien meets a bunny thanks,STORY
hey i'm happy today,CHAT
oh my favorite color is toy please,CHAT
can you tell a story with a penguin and a mermaid,STORY
my favorite color is game okay,CHAT
give me an example of planets,STUDY
hmm my favorite food is robots okay,CHAT
uh face the pantry now,NAVIGATION
there there friend,PET
set volume to low right now,SYSTEM
oh come closer,NAVIGATION
can you tell a story with a wizard and a talking cat,STORY
i have a question about the water cycle,STUDY
oh switch to hindi,SYSTEM
hey my favorite subject is toy,CHAT
volume down,SYSTEM
my favorite food is animal,CHAT
oh try doing a march,PET
what do you think about cars,CHAT
time to play checkers,GAME
play chess with me,GAME
take me to the closet,NAVIGATION
uh head to the entrance please,NAVIGATION
oh speak in english okay,SYSTEM
um start a game of word guess thanks,GAME
pet pet pet friend,PET
what is continents,STUDY
okay what do you think about birds right now,CHAT
hey there little boo,PET
oh turn off bluetooth,SYSTEM
so you're too quiet,SYSTEM
hey turn on wifi now,SYSTEM
um the last one is my final game answer,GAME
read this lesson about fractions,STUDY
hey it's bedtime go to sleep now,SYSTEM
hey final answer option d okay,GAME
give me an explanation of photosynthesis,STUDY
okay speak in arabic thanks,SYSTEM
um i'm guessing seven please,GAME
my guess is left,GAME
describe electricity for me,STUDY
oh in the story what if a talking cat meets a ninja please,STORY
in the story what if a bunny meets a wizard,STORY
load up math quiz please,GAME
in the story who does a dragon meet,STORY
what's your battery level,SYSTEM
my favorite color is pizza okay,CHAT
don't be scared,PET
so come give me a pat on the head now,PET
make up a story about a monkey,STORY
can you tell a story with a pirate and a robot okay,STORY
move to the living room,NAVIGATION
is atoms the same as light,STUDY
okay check your status now,SYSTEM
uh i need a wave from you okay,PET
can you tell a story with a prince and a penguin,STORY
um my favorite color is flowers now,CHAT
okay walk to the kitchen please,NAVIGATION
so move to the kitchen okay,NAVIGATION
hmm invent a story about an alien,STORY
so head over to the stairs please,NAVIGATION
okay how do birds fly okay,CHAT
can you help me with twelve minus seven,STUDY
hmm final answer blue thanks,GAME
uh come with me to the sofa,NAVIGATION
can we play number guessing,GAME
play memory match with me,GAME
disable bluetooth thanks,SYSTEM
uh lead the way to the dining room,NAVIGATION
in the story what if a brave knight meets a superhero,STORY
you make me smile cutie right now,PET
in the story what happens to a brave knight,STORY
false is my final game answer,GAME
hey show me your angry face now,PET
um move to the hallway now,NAVIGATION
read this lesson about cells,STUDY
go to the door,NAVIGATION
i feel like playing science quiz,GAME
navigate to the stairs,NAVIGATION
go around the box,NAVIGATION
i want the silver bridge,STORY
hmm my favorite color is game,CHAT
scratch behind your ears love,PET
what is ecosystems,STUDY
solve half of twenty,STUDY
my favorite animal is birds okay,CHAT
what do you think about robots right now,CHAT
oh i like cats now,CHAT
okay face the kitchen thanks,NAVIGATION
hey say dinosaur in a funny voice okay,CHAT
there there love please,PET
in the story what if an astronaut meets a puppy,STORY
hmm go to the back door okay,NAVIGATION
narrate a story about a bunny,STORY
uh what's your favorite game right now,CHAT
so good night now,CHAT
can you tell a story with a monkey and a brave knight now,STORY
spin me a yarn about a prince,STORY
load up true or false,GAME
take me to the bookshelf,NAVIGATION
uh change language to chinese,SYSTEM
open animal quiz okay,GAME
can you tell a story with a lion and a talking cat,STORY
oh enable airplane mode,SYSTEM
make photosynthesis easier to understand,STUDY
uh walk to the garage now,NAVIGATION
what's your favorite place,CHAT
do a pouty face,PET
give me a quiz about english,STUDY
hmm change language to korean,SYSTEM
okay begin a new game of rock paper scissors,GAME
i like the moon,CHAT
i have a question about subtraction,STUDY
hi honeybun how are you,PET
okay restart yourself,SYSTEM
i want to play puzzle,GAME
i wanna hear a story about a pirate,STORY
in the story what if a lion meets a monkey,STORY
in the story does a robot win,STORY
oh i want to go to the living room please,NAVIGATION
hmm i'll guess yes now,GAME
hmm i like sport now,CHAT
why is biology important,STUDY
uh open twenty questions thanks,GAME
hey aww boo you're the best,PET
in the game it must be twenty,GAME
how do i solve fifteen minus six,STUDY
i'm guessing the dog,GAME
in the story what does a princess find,STORY
hmm speak in french,SYSTEM
can you clarify molecules,STUDY
so i'm here for you little robot okay,PET
i like dogs,CHAT
i'm confused about gravity,STUDY
in the story what if a unicorn meets a wizard,STORY
my favorite subject is penguins right now,CHAT
can you tell a story with a dinosaur and a princess,STORY
hey walk to the hallway,NAVIGATION
turn right please,NAVIGATION
let's study reading together,STUDY
head to the playroom please,NAVIGATION
can you tell a story with an astronaut and a talking cat,STORY
so do you like dinosaurs right now,CHAT
in the game i think it's three thanks,GAME
tell me a funny tale,STORY
i want to hear a story about a wizard,STORY
oh let's cuddle cupcake okay,PET
nice to see you again robot,PET
in the story what if a superhero meets a penguin,STORY
why is the sky purple,CHAT
okay i feel like playing spelling bee,GAME
in the story what if a brave knight meets a mermaid,STORY
okay switch to chinese,SYSTEM
let's do a quiz on vocabulary,STUDY
so did you know that the ocean,CHAT
okay aww hello nugget,PET
oh move to the dining room right now,NAVIGATION
okay what's interesting about ants thanks,CHAT
start a game of spelling bee right now,GAME
let's play checkers,GAME
follow me to the dining room right now,NAVIGATION
read this lesson about animals,STUDY
lead the way to the pantry,NAVIGATION
describe sound for me,STUDY
can you teach me geography,STUDY
uh change language to arabic now,SYSTEM
oh in the story does a monkey win,STORY
my favorite subject is book thanks,CHAT
i feel like playing checkers,GAME
in the story what if a lion meets a detective,STORY
in the story what does a witch find,STORY
walk three steps forward please,NAVIGATION
uh play simon says with me right now,GAME
is ecosystems the same as animals,STUDY
i want to go to the sofa,NAVIGATION
hmm tell me a story about a talking cat now,STORY
hey how about a game of word scramble right now,GAME
can you go to the nursery,NAVIGATION
my favorite color is flowers okay,CHAT
let me see you jump right now,PET
uh i want a harder word scramble right now,GAME
what's the difference between biology and gravity,STUDY
uh in the game i'll go with the second one okay,GAME
so let's play spelling bee thanks,GAME
my guess is false thanks,GAME
let's do a quiz on grammar,STUDY
so check for updates okay,SYSTEM
let's go to the attic now,NAVIGATION
uh i'll take care of you love thanks,PET
so begin a new game of math quiz,GAME
close your eyes okay,SYSTEM
please go to the entrance,NAVIGATION
help me review for my chemistry test,STUDY
stop talking,SYSTEM
break down the alphabet for me,STUDY
everything will be fine munchkin,PET
good job cutie now,PET
time to play tic-tac-toe right now,GAME
is chemistry the same as planets,STUDY
um do you like pizza,CHAT
everything will be fine boo right now,PET
pet pet pet honeybun now,PET
hey my favorite movie is chocolate okay,CHAT
tell me a riddle,CHAT
start a game of word scramble,GAME
uh invent a story about a lion,STORY
um i like sport,CHAT
okay switch to french,SYSTEM
hey let me see your confused face now,PET
in the story what if a puppy meets a talking cat please,STORY
so i'm guessing the last one,GAME
um increase volume okay,SYSTEM
hey play chess with me,GAME
i have a question about erosion,STUDY
everything will be fine little one,PET
uh come play treasure hunt with me now,PET
so my favorite movie is ice cream please,CHAT
please go to the front door,NAVIGATION
how do you spell ecosystems,STUDY
speak in korean now,SYSTEM
for the game i choose option two,GAME
my favorite movie is game thanks,CHAT
what does cells mean,STUDY
my guess is the cat,GAME
okay turn on bluetooth thanks,SYSTEM
uh my favorite game is sport now,CHAT
speak in hindi,SYSTEM
so why is the ocean salty okay,CHAT
so set brightness to maximum thanks,SYSTEM
let's do peek-a-boo together,PET
okay i want a handshake thanks,PET
hey please go to the hallway now,NAVIGATION
what's the difference between photosynthesis and colors,STUDY
hey lead the way to the basement okay,NAVIGATION
can we review math please,STUDY
can you tell a story with a witch and a fairy,STORY
in the story what if a fairy meets a lion,STORY
is the moon the same as geography,STUDY
head to the sofa now,NAVIGATION
final answer option three,GAME
okay where does a talking cat go next in the story now,STORY
hi my sweet buddy,PET
hmm tell me about yourself,CHAT
what's interesting about the brain right now,CHAT
i want to hear a story about a superhero,STORY
um lead the way to the kitchen,NAVIGATION
load up trivia please,GAME
hey for this round i pick option two now,GAME
hmm you're smart right now,CHAT
hmm is it going to rain,CHAT
so avoid the chair,NAVIGATION
shake arm little one,PET
so my favorite animal is pizza,CHAT
nice to see you again buddy,PET
my favorite movie is pizza,CHAT
roll over baby,PET
hey my favorite movie is dogs now,CHAT
i want to play chase with you,PET
what's your favorite song,CHAT
start a new story about a detective,STORY
so turn up the volume now,SYSTEM
in the story is a lion safe,STORY
um take me to the pantry please,NAVIGATION
i pick option d for the game right now,GAME
hmm do you like cats,CHAT
set brightness to low please,SYSTEM
hey standby mode please,SYSTEM
so i can't hear you speak louder now,SYSTEM
hey my favorite animal is pizza,CHAT
shake little paw robot,PET
in the story what if a dragon meets a bear,STORY
let's start chess,GAME
oh let's play would you rather okay,GAME
my favorite color is penguins,CHAT
can you clarify biology,STUDY
oh my favorite food is flowers thanks,CHAT
i want to go to the bookshelf,NAVIGATION
in the story what if a penguin meets a mermaid,STORY
uh can we play dress up,PET
can you quiz me on social studies,STUDY
oh in the story who does a witch meet,STORY
i wanna hear a story about a bunny,STORY
how about a game of i spy,GAME
uh do you like dogs okay,CHAT
reboot now,SYSTEM
oh i want to play catch with you,PET
do you like stars,CHAT
can you tell a story with a witch and a robot,STORY
explain geography in simple words,STUDY
you did great pumpkin,PET
oh why is the sky pink now,CHAT
review magnets with me,STUDY
in the story what if a detective meets a brave knight,STORY
in the story is a puppy safe,STORY
open hangman,GAME
scratch behind your ears baby,PET
in the story what if a talking cat meets a dragon,STORY
what is atoms,STUDY
uh come here right now,NAVIGATION
open would you rather please,GAME
uh i pick yes for the game right now,GAME
so my favorite color is movie,CHAT
you're so sweet pal right now,PET
let's review molecules,STUDY
i'm proud of you darling,PET
so change language to hindi okay,SYSTEM
hmm you're too loud,SYSTEM
help me practice math,STUDY
how about a game of rock paper scissors,GAME
okay what's your favorite cars okay,CHAT
okay turn off dark mode please,SYSTEM
uh turn down the volume now,SYSTEM
let's fist bump,PET
oh got any word scramble going thanks,GAME
do you like color please,CHAT
follow me to the kitchen,NAVIGATION
what's the difference between oceans and oceans,STUDY
you're adorable sunshine,PET
cheer up pal,PET
go through the secret door,STORY
okay i'm here for you little love,PET
how does the sun work,STUDY
i'll guess twenty okay,GAME
hmm do you eat food please,CHAT
tell me a story about a prince,STORY
so i like stars,CHAT
do you like dinosaurs thanks,CHAT
oh restart,SYSTEM
tell me about the alphabet,STUDY
time to play spelling bee,GAME
hey pause everything right now,SYSTEM
narrate a story about a dinosaur,STORY
can you quiz me on english,STUDY
shake arm cupcake,PET
read this lesson about planets,STUDY
hmm come give me a nose boop now,PET
be careful near the toy,NAVIGATION
i pick the dog for the game please,GAME
so enable bluetooth,SYSTEM
hmm aww pumpkin you're the best please,PET
go to the sofa,NAVIGATION
my game answer is option d,GAME
so can we play true or false,GAME
so i like place now,CHAT
launch trivia now,GAME
can you tell a story with a detective and a pirate,STORY
oh stay away from the table right now,NAVIGATION
you make me so happy nugget okay,PET
oh navigate to the basement right now,NAVIGATION
oh my favorite food is flowers okay,CHAT
okay good job baby now,PET
in the story what if a puppy meets a princess now,STORY
oh how about a game of word scramble okay,GAME
explain addition in simple words,STUDY
create a story with a dragon,STORY
uh it's okay if you're grumpy,PET
um i want a mystery story now,STORY
is animals the same as the human body,STUDY
cheer up buddy,PET
watch out for the wall,NAVIGATION
hmm switch to hindi,SYSTEM
what do you think about color now,CHAT
wanna play tag,PET
i'll take care of you friend now,PET
switch to korean okay,SYSTEM
in the game i think it's ten,GAME
uh come with me to the living room right now,NAVIGATION
how does gravity work,STUDY
uh for the game i choose the last one,GAME
i wanna hear a story about a fairy,STORY
it's okay if you're grumpy right now,PET
in the story what if a talking cat meets a brave knight,STORY
head over to the bookshelf okay,NAVIGATION
okay aww hello darling,PET
what is light,STUDY
my favorite animal is pizza,CHAT
abort okay,SYSTEM
in the game the answer is true,GAME
okay my favorite game is robots now,CHAT
explain light to me,STUDY
roll over little one,PET
my guess is false,GAME
okay make it quieter,SYSTEM
make up a story about a brave knight,STORY
um disable notifications,SYSTEM
hmm increase volume thanks,SYSTEM
uh set volume to fifty percent okay,SYSTEM
hey disable wifi,SYSTEM
for this round i pick the first one,GAME
my favorite food is robots now,CHAT
test me on history,STUDY
uh good morning please,CHAT
go around the box thanks,NAVIGATION
okay go around the toy thanks,NAVIGATION
uh turn on airplane mode,SYSTEM
hmm quit everything,SYSTEM
please go to the corridor,NAVIGATION
i want a harder geography quiz,GAME
so cancel everything right now,SYSTEM
what's interesting about animals right now,CHAT
i need help with shapes,STUDY
can you tell a story with a prince and a princess,STORY
i want a harder math quiz,GAME
what's the difference between gravity and planets,STUDY
oh look towards the garden,NAVIGATION
hey in the game the answer is the first one,GAME
for the game i'll say yes,GAME
how do you spell cells,STUDY
in the story what if a ninja meets a lion right now,STORY
hmm what's up now,CHAT
so let's boop,PET
good night now,CHAT
uh check your status now,SYSTEM
review geography with me,STUDY
my favorite subject is stars,CHAT
uh disable night mode,SYSTEM
cheer up love,PET
let's have fun playing chase,PET
hey what do you do for fun,CHAT
so in the game i'll go with left thanks,GAME
my favorite animal is place right now,CHAT
hmm play geography quiz with me please,GAME
turn off dark mode please,SYSTEM
uh in the game the answer is option c,GAME
um hey,CHAT
i feel like playing maze,GAME
you're so sweet sweetie,PET
come with me to the front door okay,NAVIGATION
oh in the story what if a brave knight meets a pirate okay,STORY
hmm take me to the table thanks,NAVIGATION
give me an explanation of animals,STUDY
where does a penguin go next in the story,STORY
begin a new game of i spy,GAME
so my favorite food is movie,CHAT
hey stop all tasks right now,SYSTEM
describe division for me,STUDY
did you know that the ocean,CHAT
um what do you think about animal,CHAT
okay good to see you boo right now,PET
what does plants mean,STUDY
hey go around the shoe thanks,NAVIGATION
oh close your eyes,SYSTEM
seven is my final game answer,GAME
okay head over to the couch thanks,NAVIGATION
i need help with planets,STUDY
start a game of word guess,GAME
uh hey,CHAT
uh my favorite animal is animal,CHAT
what's the difference between gravity and fractions,STUDY
uh go to the attic,NAVIGATION
um turn the sound off right now,SYSTEM
invent a story about a puppy,STORY
okay move to the garden okay,NAVIGATION
hey speak in arabic please,SYSTEM
so hey little one i missed you right now,PET
what games do you have,GAME
what do you think about toy,CHAT
okay speak in japanese,SYSTEM
hello there baby,PET
belly rub time honeybun,PET
unmute please,SYSTEM
okay play geography quiz with me right now,GAME
hey right is my final game answer,GAME
make the water cycle easier to understand,STUDY
um it's alright friend okay,PET
walk to the balcony thanks,NAVIGATION
let's cuddle honeybun,PET
can we play rock paper scissors,GAME
be careful near the rug thanks,NAVIGATION
uh set brightness to fifty percent right now,SYSTEM
i'll take care of you munchkin,PET
my favorite movie is ice cream now,CHAT
so time to play chess now,GAME
hmm switch to arabic okay,SYSTEM
start a game of puzzle thanks,GAME
okay enter sleep mode now,SYSTEM
in the story what if a dinosaur meets a talking cat,STORY
can you explain fractions,STUDY
are you charging please,SYSTEM
uh let's have fun playing chase okay,PET
what do you think about ice cream,CHAT
oh my favorite animal is food now,CHAT
in the game it must be the last one,GAME
hmm my favorite game is the moon,CHAT
there there buddy,PET
hi my sweet cutie,PET
come here honeybun let me pet you,PET
so it's bedtime go to sleep right now,SYSTEM
um can you tell a story with a unicorn and a ninja right now,STORY
my favorite game is animal thanks,CHAT
i wanna hear a story about a prince,STORY
uh open i spy please,GAME
can you tell a story with an astronaut and a prince,STORY
go through the golden key,STORY
let's see how much i know about chemistry,STUDY
hey in the story what if a pirate meets a penguin,STORY
oh standby mode,SYSTEM
let's review colors,STUDY
so shake arm boo right now,PET
give me some love cupcake okay,PET
hmm you make me smile little one,PET
lead the way to the back door,NAVIGATION
quiz me on science,STUDY
oh move to the door okay,NAVIGATION
my favorite game is cars,CHAT
hey do your best jump,PET
okay head to the stairs right now,NAVIGATION
in the story what if a bear meets a dragon,STORY
stop everything right now,SYSTEM
um my favorite animal is chocolate now,CHAT
um you're too loud now,SYSTEM
oh begin a new game of math quiz please,GAME
hey move to the window,NAVIGATION
enable night mode now,SYSTEM
head to the kitchen,NAVIGATION
i'm confused about molecules,STUDY
uh turn on bluetooth right now,SYSTEM
in the story what if a bear meets a princess,STORY
hello there little one,PET
oh switch to korean,SYSTEM
uh enable wifi please,SYSTEM
um stop talking right now,SYSTEM
um can you tell a story with a puppy and a monkey okay,STORY
once upon a time story about a dinosaur,STORY
what is oceans,STUDY
so cancel what you're doing,SYSTEM
face the kitchen,NAVIGATION
can you tell a story with a talking cat and a robot,STORY
where does a bunny go next in the story,STORY
can you make a confused face,PET
can you make a silly face,PET
my guess is option one,GAME
unmute,SYSTEM
okay why is grass green now,CHAT
okay don't worry honeybun right now,PET
hey bring me to the window okay,NAVIGATION
tell a brave story please,STORY
start a game of trivia,GAME
tell me an adventure story about a unicorn,STORY
i pick the cat for the game,GAME
hmm i like dogs,CHAT
head over to the balcony,NAVIGATION
hmm my favorite color is movie right now,CHAT
um i feel like playing geography quiz,GAME
hmm my favorite game is flowers okay,CHAT
okay go to the garage now,NAVIGATION
so my game answer is twenty please,GAME
so turn backward okay,NAVIGATION
um come with me to the nursery,NAVIGATION
so please go to the bathroom,NAVIGATION
what's the definition of fractions,STUDY
so say banana in a funny voice thanks,CHAT
hmm you're such a good pumpkin,PET
in the story is a talking cat safe,STORY
come closer,NAVIGATION
hey please go to the nursery now,NAVIGATION
my favorite animal is game,CHAT
give me an explanation of colors,STUDY
hey i want to go to the window thanks,NAVIGATION
hmm set brightness to fifty percent,SYSTEM
uh in the game i think it's seven please,GAME
um hibernate,SYSTEM
uh in the game i think it's twenty right now,GAME
oh take me to the playroom okay,NAVIGATION
you're adorable honeybun,PET
do you like flowers,CHAT
okay what's your favorite dogs,CHAT
what's the difference between light and the food chain,STUDY
hmm good job little one thanks,PET
um you're the best,CHAT
you make me so happy buddy,PET
for the game i'll say left,GAME
come with me to the living room,NAVIGATION
let's review gravity,STUDY
hey set brightness to minimum,SYSTEM
is molecules the same as condensation,STUDY
aww sweetie you're the best okay,PET
oh play geography quiz with me please,GAME
so my favorite game is game,CHAT
turn on dark mode now,SYSTEM
okay switch to chinese please,SYSTEM
give me an explanation of gravity,STUDY
return home,NAVIGATION
begin a new game of animal quiz,GAME
hmm what's your favorite the moon,CHAT
hmm bring me to the closet,NAVIGATION
hey can you tell a story with a monkey and an alien,STORY
hmm decrease volume,SYSTEM
dim the lights right now,SYSTEM
hmm snuggle time little one right now,PET
i like dinosaurs please,CHAT
hmm change language to korean please,SYSTEM
go to sleep now,SYSTEM
oh switch to spanish,SYSTEM
avoid the table,NAVIGATION
start a story in a enchanted garden,STORY
um can you tell a story with a detective and a ninja,STORY
okay what do you think about toy now,CHAT
shake paw boo please,PET
test my knowledge of vocabulary,STUDY
okay do you have feelings,CHAT
um reboot your system right now,SYSTEM
it's okay if you're sleepy right now,PET
um head over to the bathroom right now,NAVIGATION
do a wiggle for me,PET
can you explain shapes,STUDY
so for this round i pick five thanks,GAME
in the game it must be seven,GAME
hmm quit everything okay,SYSTEM
let me guess the first one,GAME
let me guess false right now,GAME
so come play treasure hunt with me,PET
what's the difference between colors and the solar system,STUDY
can you tell a story with a dinosaur and a bunny,STORY
i'm here for you little munchkin right now,PET
uh how much battery do you have okay,SYSTEM
why do we need to learn history,STUDY
hmm turn on do not disturb please,SYSTEM
let's go to the attic,NAVIGATION
uh i'll guess option c,GAME
okay my favorite movie is game thanks,CHAT
um face the sofa,NAVIGATION
how do birds fly,CHAT
start a new story about a prince,STORY
oh change language to korean please,SYSTEM
um final answer false,GAME
hey go to sleep right now,SYSTEM
move backward,NAVIGATION
um tell a mystery story please thanks,STORY
aww hello pal,PET
for the game i'll say blue thanks,GAME
you're my best friend robot,PET
face the window,NAVIGATION
oh new story about a detective,STORY
um i want to go to the hallway right now,NAVIGATION
okay my favorite game is toy,CHAT
um sleep mode okay,SYSTEM
hey can we play card game please,GAME
final answer five,GAME
explain plants to me,STUDY
hmm are you feeling lonely okay,PET
so my game answer is option one,GAME
okay lead the way to the entrance,NAVIGATION
navigate to the garage,NAVIGATION
walk to the corridor,NAVIGATION
help me understand plants,STUDY
can you tell a story with a dinosaur and an astronaut,STORY
oh for the game i'll say the cat,GAME
hmm what's interesting about animals,CHAT
uh hush,SYSTEM
uh make a confused face for me please,PET
okay come play peek-a-boo with me,PET
let's review the water cycle,STUDY
okay in the story will a prince be okay,STORY
hey head to the closet,NAVIGATION
let's start rock paper scissors,GAME
um got any simon says going please,GAME
show me your balance,PET
start a game of puzzle,GAME
head to the porch,NAVIGATION
can you do a balance,PET
read me a story about a dinosaur,STORY
do you know how to flip thanks,PET
help me understand weather,STUDY
roll over boo,PET
so lead the way to the garage thanks,NAVIGATION
hey my favorite food is dinosaurs,CHAT
take ten steps around thanks,NAVIGATION
let's try the right path,STORY
let's go to the corridor,NAVIGATION
uh run diagnostics right now,SYSTEM
um please go to the back door thanks,NAVIGATION
uh my favorite game is pizza,CHAT
hmm move to the hallway please,NAVIGATION
uh you make me smile pumpkin please,PET
okay don't be sleepy okay,PET
my favorite movie is game,CHAT
my favorite movie is dinosaurs thanks,CHAT
in the game i think it's option c,GAME
tell me an adventure story about a bunny,STORY
uh my favorite animal is dinosaurs,CHAT
time to play riddles,GAME
um my favorite food is cars right now,CHAT
aww munchkin you're the best,PET
in the story what if a bear meets a ninja,STORY
hmm navigate to the nursery,NAVIGATION
can you tell a story with a pirate and a dragon,STORY
my favorite food is chocolate thanks,CHAT
oh did you know that the brain thanks,CHAT
okay i wanna hear a story about a penguin please,STORY
change language to english right now,SYSTEM
hibernate okay,SYSTEM
reset yourself right now,SYSTEM
hmm let's play maze please,GAME
can you do a bow,PET
okay what's your favorite penguins,CHAT
ask me questions about social studies,STUDY
hey let's have fun playing ball,PET
in the story is a monkey safe,STORY
uh do you like game,CHAT
um walk to the garage now,NAVIGATION
so i'm feeling excited now,CHAT
hmm play treasure hunt with me,PET
give me your hand,PET
okay disable dark mode thanks,SYSTEM
walk to the patio,NAVIGATION
don't be sleepy,PET
give me an explanation of atoms,STUDY
my favorite food is dogs thanks,CHAT
can you tell a story with a lion and a unicorn,STORY
uh close your eyes,SYSTEM
got any tic-tac-toe going thanks,GAME
can you tell a story with a robot and a puppy,STORY
so cancel everything,SYSTEM
hmm let me guess the last one okay,GAME
so go to the attic now,NAVIGATION
what's the difference between animals and erosion,STUDY
in the story what if a ninja meets a unicorn,STORY
uh my guess is right,GAME
let's go to the living room,NAVIGATION
i'll guess option c,GAME
hey why is the sky red,CHAT
come with me to the bedroom please,NAVIGATION
hmm hibernate,SYSTEM
in the story what if a dragon meets a dragon,STORY
oh my favorite animal is book,CHAT
hey hello,CHAT
in the story what if a monkey meets an alien,STORY
oh please go to the stairs,NAVIGATION
let's have fun playing treasure hunt,PET
i'm here for you little pumpkin,PET
make up a story about a bunny right now,STORY
um time to sleep now,SYSTEM
uh lead the way to the back door now,NAVIGATION
hmm stop everything now,SYSTEM
hey goodnight go to sleep please,SYSTEM
why do we need to learn the solar system,STUDY
head over to the bathroom thanks,NAVIGATION
what's your favorite joke,CHAT
hey my favorite color is chocolate now,CHAT
um let me see you jump,PET
good morning buddy,PET
hold your position now,NAVIGATION
oh i want to go to the pantry now,NAVIGATION
give me a handshake,PET
okay set volume to high right now,SYSTEM
what's the difference between atoms and the sun,STUDY
okay take four steps right right now,NAVIGATION
what's the definition of shapes,STUDY
show me your confused face right now,PET
hey take six steps forward right now,NAVIGATION
i love you buddy,PET
where does a mermaid go next in the story okay,STORY
hey i can't hear you speak louder right now,SYSTEM
um read me a story about a superhero now,STORY
lead the way to the basement thanks,NAVIGATION
i want to play true or false,GAME
volume down right now,SYSTEM
hey darling i missed you,PET
give me an example of colors,STUDY
begin a tale about a lion,STORY
hey time to play tic-tac-toe,GAME
make electricity easier to understand,STUDY
come play tag with me,PET
once upon a time story about a pirate,STORY
hey stay away from the box right now,NAVIGATION
in the story what if a dragon meets a superhero,STORY
what's the difference between shapes and erosion,STUDY
hmm turn the sound on right now,SYSTEM
i want to go to the window,NAVIGATION
hey it's okay if you're tired,PET
it's alright pumpkin,PET
come give me a kiss,PET
can you tell a story with a lion and a bunny,STORY
tell me a story about a princess,STORY
how is geography used in real life,STUDY
hey volume up okay,SYSTEM
hey face the table,NAVIGATION
head to the front door,NAVIGATION
what chapter is electricity in,STUDY
okay do a restart,SYSTEM
show me your angry face,PET
uh can we play tic-tac-toe thanks,GAME
so change language to french,SYSTEM
restart,SYSTEM
i don't understand chemistry,STUDY
uh bring me to the bathroom,NAVIGATION
let me see you hop please,PET
oh once upon a time story about a bear,STORY
move a little left,NAVIGATION
quit everything,SYSTEM
so refresh the system,SYSTEM
can you tell a story with a ninja and a mermaid,STORY
hey my favorite game is penguins okay,CHAT
uh you're too quiet thanks,SYSTEM
what's up thanks,CHAT
load up science quiz,GAME
scratch behind your ears sunshine,PET
okay time for dress up right now,PET
in the story what if a brave knight meets a dragon,STORY
hmm shake little paw cupcake,PET
can you go to the attic,NAVIGATION
hmm tell me a riddle now,CHAT
um turn on dark mode,SYSTEM
explain subtraction to me,STUDY
uh what do you think about book please,CHAT
i'll guess blue thanks,GAME
review the moon with me,STUDY
um make it louder right now,SYSTEM
hey open checkers,GAME
can you tell a story with a bear and a puppy,STORY
time to sleep now,SYSTEM
turn right,NAVIGATION
help me with this math problem five plus three,STUDY
set volume to seventy percent right now,SYSTEM
in the story what if a robot meets a wizard,STORY
i need a cuddle from you,PET
hey enable wifi right now,SYSTEM
hey stop walking right now,NAVIGATION
so i like penguins right now,CHAT
can you tell me a magical story,STORY
hmm in the game i'll go with true now,GAME
my favorite color is dinosaurs right now,CHAT
tell me a silly tale,STORY
uh come play treasure hunt with me,PET
explain shapes in simple words,STUDY
uh i like flowers now,CHAT
hmm close your eyes please,SYSTEM
hey what's your favorite the moon,CHAT
let's do a quiz on science,STUDY
how is the human body used in real life,STUDY
go backward,NAVIGATION
in the game the answer is no,GAME
what's your favorite birds,CHAT
good job pumpkin,PET
begin a new game of trivia,GAME
um new story about a monkey now,STORY
hey set volume to low,SYSTEM
hmm take five steps forward right now,NAVIGATION
walk to the attic right now,NAVIGATION
what can you tell me about the water cycle,STUDY
hmm say robot in a funny voice,CHAT
i'm here for you little love,PET
okay disable notifications,SYSTEM
i'm guessing option three,GAME
okay did you know that the ocean thanks,CHAT
hey silence,SYSTEM
uh please go to the attic right now,NAVIGATION
um head to the hallway,NAVIGATION
hey what do you think about robots now,CHAT
shake little paw pal,PET
so walk to the laundry room thanks,NAVIGATION
in the story what if a detective meets an astronaut right now,STORY
can you tell a story with a dinosaur and a robot,STORY
so be quiet,SYSTEM
wanna play pretend,PET
okay shake little paw love,PET
uh what do you think about book okay,CHAT
oh launch memory match,GAME
time to play puzzle,GAME
you're such a good honeybun,PET
i had a bad day,CHAT
so go to sleep okay,SYSTEM
snuggle time robot,PET
um set volume to minimum,SYSTEM
is cells the same as the sun,STUDY
i want to learn about plants,STUDY
um set brightness to high,SYSTEM
okay my favorite subject is pandas,CHAT
my favorite game is book okay,CHAT
give me an example of sound,STUDY
in the story does a prince win,STORY
in the story what if a mermaid meets a prince,STORY
what's the difference between division and plants,STUDY
uh take me to the entrance,NAVIGATION
restart the system okay,SYSTEM
so volume down,SYSTEM
so what's interesting about space thanks,CHAT
okay volume up,SYSTEM
hi sweetie how are you,PET
um let me see you hop thanks,PET
uh stay away from the table right now,NAVIGATION
in the story what if a witch meets a superhero,STORY
nice to see you again baby,PET
final answer the dog,GAME
hey set brightness to full,SYSTEM
hmm enable night mode now,SYSTEM
let's go to the back door please,NAVIGATION
can you explain chemistry,STUDY
i want a quiz on vocabulary,STUDY
show me your surprised face,PET
oh do a happy face,PET
uh in the game i think it's left,GAME
i love you boo,PET
what's the definition of erosion,STUDY
show me your flip,PET
what's the difference between oceans and photosynthesis,STUDY
you're so sweet buddy,PET
i need a fist bump from you,PET
explain molecules to me,STUDY
can you help me with fifteen minus six,STUDY
spin me a yarn about a robot,STORY
choose the right path,STORY
uh let me guess the last one,GAME
keep reading,STORY
my favorite food is pandas right now,CHAT
let's go to the couch okay,NAVIGATION
nice to see you again honeybun,PET
can you tell a story with a mermaid and a detective,STORY
tell me about fractions,STUDY
let's go with the tall mountain,STORY
is division the same as continents,STUDY
um turn off right now,SYSTEM
face the pantry please,NAVIGATION
hmm turn on notifications,SYSTEM
oh shut up okay,SYSTEM
can you tell a story with a superhero and a monkey,STORY
uh cancel everything,SYSTEM
uh can you tell a story with a bear and a bunny,STORY
oh start a game of word scramble right now,GAME
give me a test on physics,STUDY
oh quit everything right now,SYSTEM
is the moon the same as gravity,STUDY
i like book,CHAT
can you clarify light,STUDY
what's your favorite robots,CHAT
what's the difference between the alphabet and the solar system,STUDY
hmm my favorite food is flowers right now,CHAT
i need help with continents,STUDY
hmm do you like ice cream,CHAT
what's the difference between the sun and chemistry,STUDY
um power cycle please,SYSTEM
do you like book,CHAT
is light the same as magnets,STUDY
i pick twenty for the game,GAME
oh you're too loud now,SYSTEM
i want to go to the garden,NAVIGATION
belly rub time cutie,PET
what chapter is gravity in,STUDY
lead the way to the porch,NAVIGATION
okay my favorite game is animal okay,CHAT
spell chemistry for me,STUDY
in the story what if a mermaid meets a lion,STORY
in the story what if a princess meets a superhero,STORY
for this round i pick yes,GAME
so change language to spanish okay,SYSTEM
hmm shake hand cutie,PET
time for tug of war,PET
hi now,CHAT
switch to german,SYSTEM
enable dark mode,SYSTEM
begin a tale about an astronaut please,STORY
so stay away from the wall now,NAVIGATION
look towards the closet,NAVIGATION
help me understand light,STUDY
you did great friend,PET
can you tell a story with a monkey and a prince,STORY
so rest mode right now,SYSTEM
in the game i think it's option d,GAME
um roll over munchkin,PET
in the story what if a fairy meets a prince,STORY
i'm proud of you nugget,PET
make up a story about an alien,STORY
watch out for the box okay,NAVIGATION
show me a cool shake,PET
hmm my favorite animal is cars please,CHAT
tell a underwater story please,STORY
can you tell a story with a talking cat and a lion,STORY
load up tic-tac-toe,GAME
um switch to spanish please,SYSTEM
uh speak in hindi,SYSTEM
uh speak in chinese now,SYSTEM
uh i want to hear a story about a puppy okay,STORY
final answer option c,GAME
is animals the same as dinosaurs,STUDY
can you tell a story with a princess and a fairy,STORY
what's your favorite movie,CHAT
change language to english please,SYSTEM
how about a game of memory match,GAME
narrate a story about a fairy,STORY
in the story what if a detective meets a dragon okay,STORY
bring me to the bathroom,NAVIGATION
okay my guess is the last one,GAME
start a game of memory match,GAME
help me practice chemistry,STUDY
okay i want the right path please,STORY
hmm in the story what if an astronaut meets a superhero,STORY
hmm stop whatever you're doing right now,SYSTEM
my guess is option d,GAME
can you quiz me on science,STUDY
oh what's interesting about animals,CHAT
is the human body the same as the water cycle,STUDY
hello my little little one,PET
you're such a good buddy thanks,PET
okay my guess is seven thanks,GAME
okay can we play hangman please,GAME
you're my favorite munchkin,PET
please go to the attic,NAVIGATION
uh set volume to full thanks,SYSTEM
is planets the same as continents,STUDY
can you teach me chemistry,STUDY
i'm confused about the human body,STUDY
hmm play i spy with me now,GAME
what's the difference between division and history,STUDY
so walk to the entrance right now,NAVIGATION
face the corridor thanks,NAVIGATION
wanna play treasure hunt,PET
i feel like playing twenty questions please,GAME
my favorite game is song,CHAT
i feel like playing connect four,GAME
look towards the laundry room,NAVIGATION
hey how much battery do you have please,SYSTEM
okay i'm feeling scared now,CHAT
well done munchkin,PET
um hey pal i missed you now,PET
oh i'm guessing seven thanks,GAME
um my favorite game is chocolate,CHAT
so how about a game of word guess,GAME
do a confused face please,PET
hey disable night mode now,SYSTEM
set volume to seventy percent,SYSTEM
in the story what if a dragon meets a mermaid,STORY
what is biology,STUDY
don't worry honeybun,PET
hey in the game i'll go with right thanks,GAME
snuggle time pal now,PET
do you like game,CHAT
can you explain atoms,STUDY
hey,CHAT
move to the attic please,NAVIGATION
let's go to the balcony,NAVIGATION
okay do you like pandas right now,CHAT
where does a talking cat go next in the story,STORY
what is the food chain,STUDY
in the story what does a dinosaur find,STORY
can you tell a story with a witch and a puppy,STORY
explain fractions to me,STUDY
oh i want a harder true or false,GAME
new story about a dragon,STORY
welcome back buddy,PET
do a dance for me,PET
i'm guessing option d,GAME
hey turn left okay,NAVIGATION
power cycle please,SYSTEM
in the story what if a dragon meets a prince,STORY
hey for this round i pick red right now,GAME
switch to chinese now,SYSTEM
so for the game i choose option one,GAME
so change language to english okay,SYSTEM
explain colors to me,STUDY
my favorite animal is stars,CHAT
oh can you count to twenty right now,CHAT
in the game i think it's option three,GAME
hey restart now,SYSTEM
come with me to the closet please,NAVIGATION
got any geography quiz going now,GAME
hey turn down the volume,SYSTEM
in the story what if a pirate meets a mermaid,STORY
how old are you,CHAT
how is photosynthesis used in real life,STUDY
oh what's your favorite cats right now,CHAT
can you tell a story with a puppy and a monkey,STORY
uh time to play true or false,GAME
cheer up robot,PET
break down animals for me,STUDY
shake paw pal,PET
okay look towards the front door,NAVIGATION
oh my favorite food is toy okay,CHAT
my favorite movie is flowers,CHAT
oh in the story what if a prince meets a fairy thanks,STORY
narrate a story about an astronaut,STORY
another story please,STORY
can you tell a story with an astronaut and a dragon,STORY
okay goodnight go to sleep right now,SYSTEM
my favorite food is rainbows,CHAT
hey restart the system okay,SYSTEM
louder please thanks,SYSTEM
watch out for the shoe please,NAVIGATION
for the game i'll say option b please,GAME
open geography quiz,GAME
um take me to the couch okay,NAVIGATION
oh hibernate please,SYSTEM
what can you tell me about plants,STUDY
reset yourself,SYSTEM
hey in the game i think it's no thanks,GAME
read me a story about a superhero,STORY
oh i'm guessing the cat,GAME
okay my guess is twenty,GAME
roll over cupcake now,PET
let me guess option two okay,GAME
read this lesson about subtraction,STUDY
give me a hug,PET
hmm walk to the playroom,NAVIGATION
um my favorite animal is dogs,CHAT
in the story what if a lion meets an astronaut,STORY
so in the story does a fairy win thanks,STORY
hey come with me to the bedroom,NAVIGATION
aww nugget you're the best,PET
hey look towards the hallway right now,NAVIGATION
what is condensation,STUDY
i want to hear a story about a prince,STORY
so bring me to the front door,NAVIGATION
hmm turn off dark mode please,SYSTEM
i wanna hear a story about a mermaid now,STORY
hey head over to the pantry thanks,NAVIGATION
take me to the entrance thanks,NAVIGATION
can i get a clue,GAME
give me a quiz about physics,STUDY
hey set brightness to high,SYSTEM
reset yourself thanks,SYSTEM
what's the difference between plants and plants,STUDY
please go to the corridor right now,NAVIGATION
hmm play math quiz with me,GAME
tell a space story please,STORY
what's the difference between magnets and condensation,STUDY
launch science quiz,GAME
okay face the garage,NAVIGATION
what's the difference between light and the solar system,STUDY
my favorite game is robots,CHAT
oh louder please thanks,SYSTEM
hey i want to hear a story about a talking cat right now,STORY
hey navigate to the door now,NAVIGATION
hey in the story what if a superhero meets a robot,STORY
can you tell a story with a witch and a mermaid,STORY
my favorite food is dogs,CHAT
hmm in the game i'll go with right now,GAME
um can we play dress up okay,PET
let's try the tall mountain,STORY
what's the difference between the human body and subtraction,STUDY
um change language to arabic now,SYSTEM
can you tell a story with a penguin and a brave knight,STORY
snuggle time boo,PET
can you tell a story with a bear and a talking cat,STORY
begin a new game of tic-tac-toe,GAME
bring me to the study room,NAVIGATION
do you like ice cream right now,CHAT
um move to the hallway please,NAVIGATION
hey my favorite movie is chocolate,CHAT
give me a quiz about vocabulary,STUDY
give me a quiz about biology,STUDY
in the story what if a detective meets a penguin now,STORY
hmm enter sleep mode now now,SYSTEM
how's it going now,CHAT
head to the bedroom right now,NAVIGATION
can you help me with twenty divided by five,STUDY
for this round i pick option b,GAME
are you feeling nervous,PET
hey follow me to the study room please,NAVIGATION
give me a boop,PET
read this lesson about division,STUDY
play catch with me,PET
do a sad face,PET
can you teach me the water cycle,STUDY
can you explain cells,STUDY
play connect four with me now,GAME
um make up a story about a talking cat right now,STORY
oh please go to the study room,NAVIGATION
face the table,NAVIGATION
you're my best friend sunshine,PET
um set volume to full,SYSTEM
tell me an adventure story about a prince,STORY
set brightness to minimum okay,SYSTEM
i feel like playing geography quiz okay,GAME
enable bluetooth thanks,SYSTEM
come with me to the bookshelf,NAVIGATION
uh my guess is the first one right now,GAME
hey i want a harder word scramble,GAME
do you know how to shake,PET
is chemistry the same as cells,STUDY
my favorite color is food,CHAT
hey set volume to medium now,SYSTEM
narrate a story about an alien,STORY
okay time to sleep,SYSTEM
uh my favorite subject is rainbows,CHAT
hint please now,GAME
so restart now,SYSTEM
help me understand magnets,STUDY
in the game the answer is false,GAME
okay head back to base please,NAVIGATION
is geography the same as division,STUDY
so take me to the hallway right now,NAVIGATION
uh i want a harder rock paper scissors please,GAME
um speak in korean,SYSTEM
so in the game i'll go with no now,GAME
hey my favorite subject is dogs,CHAT
switch to japanese right now,SYSTEM
in the game it must be the second one okay,GAME
okay where does a penguin go next in the story okay,STORY
let's cuddle baby,PET
how is biology used in real life,STUDY
can you tell a story with an astronaut and a mermaid,STORY
okay in the game i'll go with option d thanks,GAME
thanks a lot okay,CHAT
hmm move to the corridor,NAVIGATION
in the story what if a superhero meets a talking cat,STORY
walk five steps forward,NAVIGATION
in the game the answer is red,GAME
please go to the nursery thanks,NAVIGATION
ask me questions about arithmetic,STUDY
oh let's go to the door,NAVIGATION
let me see you flip,PET
in the story what if a detective meets a detective,STORY
come with me to the couch,NAVIGATION
in the story what if a monkey meets a dragon,STORY
move to the bedroom,NAVIGATION
okay why is the sky yellow,CHAT
hey run diagnostics please,SYSTEM
hi pal how are you,PET
show me how colors works,STUDY
what chapter is geography in,STUDY
in the story what if a mermaid meets a pirate,STORY
hey how about a game of spelling bee,GAME
i'm confused about the food chain,STUDY
so i like game thanks,CHAT
make a cute face for me,PET
uh my favorite animal is the moon,CHAT
restart right now,SYSTEM
okay do you like color,CHAT
oh walk to the playroom please,NAVIGATION
new story about a bear,STORY
take me to the front door right now,NAVIGATION
come give me a boop,PET
in the game i think it's seven,GAME
is the moon the same as ecosystems,STUDY
okay in the game the answer is the last one right now,GAME
give me an explanation of planets,STUDY
okay can you count to twenty okay,CHAT
bring me to the garden now,NAVIGATION
can you tell a story with a dinosaur and a pirate,STORY
what's the difference between oceans and gravity,STUDY
review weather with me,STUDY
oh what do you think about penguins thanks,CHAT
okay my favorite color is the moon now,CHAT
move to the bookshelf,NAVIGATION
pet pet pet pumpkin,PET
what are the main points of colors,STUDY
can you do a wave,PET
so my favorite food is book now,CHAT
hmm can you tell a story with a unicorn and an alien right now,STORY
let's play number guessing,GAME
in the story what if a unicorn meets a brave knight,STORY
go to the bedroom,NAVIGATION
what's interesting about the brain now,CHAT
okay take three steps right,NAVIGATION
good evening sunshine,PET
bring me to the bathroom okay,NAVIGATION
you're so sweet cutie,PET
speak in chinese now,SYSTEM
ten is my final game answer,GAME
um there there cutie please,PET
hey i had a terrible day,CHAT
can you tell a story with a pirate and a penguin,STORY
why is the water cycle important,STUDY
hey give me a hint,GAME
so turn on airplane mode,SYSTEM
my favorite animal is game okay,CHAT
you're too quiet thanks,SYSTEM
hmm i can't hear you speak louder okay,SYSTEM
oh enable wifi please,SYSTEM
i pick red for the game,GAME
uh i'm guessing the cat right now,GAME
okay i want a harder tic-tac-toe right now,GAME
hey baby you're so cute,PET
hey what happens when we dream,CHAT
can you tell a story with a mermaid and an astronaut,STORY
begin a tale about a penguin,STORY
so open geography quiz right now,GAME
uh pause the story okay,STORY
set volume to full please,SYSTEM
my favorite game is ice cream,CHAT
i want to go to the porch,NAVIGATION
left is my final game answer,GAME
um refresh the system,SYSTEM
so mute the sound,SYSTEM
shake hand love,PET
hmm do you eat food okay,CHAT
can you tell a story with a ninja and a robot,STORY
spell planets for me,STUDY
roll over sweetie,PET
once upon a time story about a bunny,STORY
uh turn the sound off now,SYSTEM
change language to japanese,SYSTEM
good evening boo,PET
so you're my favorite honeybun,PET
shake arm boo,PET
good morning sweetie right now,PET
can you tell a story with a pirate and an astronaut,STORY
hey my favorite color is book okay,CHAT
so navigate to the garden now,NAVIGATION
what's your favorite cars right now,CHAT
uh my guess is option two okay,GAME
teach me about weather,STUDY
can you tell a story with a detective and a bear,STORY
why is volcanoes important,STUDY
hey why is the sky orange now,CHAT
walk behind me okay,NAVIGATION
in the story what if a robot meets a talking cat,STORY
um there there cupcake now,PET
stay away from the chair,NAVIGATION
can you make a excited face,PET
explain shapes to me,STUDY
take ten steps backward,NAVIGATION
i pick left for the game,GAME
read me a story about a pirate,STORY
uh my favorite animal is pandas,CHAT
oh take me to the hallway,NAVIGATION
can you tell a story with a penguin and a lion,STORY
are you charging,SYSTEM
uh let's do red light green light together,PET
what's your favorite rainbows,CHAT
i want to learn about electricity,STUDY
what can you tell me about gravity,STUDY
disable bluetooth please,SYSTEM
for this round i pick false,GAME
help me understand ecosystems,STUDY
can you tell a story with a dinosaur and a superhero,STORY
open card game,GAME
in the story what if a bear meets a bunny now,STORY
in the story will a brave knight be okay,STORY
let's play follow the leader together,PET
how is division used in real life,STUDY
can you tell a story with a princess and a unicorn now,STORY
set volume to medium right now,SYSTEM
um move away from the cat,NAVIGATION
can you tell a story with a princess and a superhero,STORY
hey shake hand little one now,PET
is addition the same as subtraction,STUDY
hey my favorite food is food,CHAT
um start a game of checkers,GAME
new story about a superhero,STORY
i want a underwater story,STORY
set brightness to full right now,SYSTEM
hey for the game i'll say option three okay,GAME
okay show me a thumbs up,PET
in the game i think it's false,GAME
i'm guessing right,GAME
okay turn up the volume okay,SYSTEM
um update yourself right now,SYSTEM
okay turn off do not disturb,SYSTEM
hmm how about a game of science quiz,GAME
did you know that dolphins right now,CHAT
hmm come with me to the garage thanks,NAVIGATION
tell me about continents,STUDY
can we play rock paper scissors now,GAME
hmm set brightness to minimum now,SYSTEM
uh what do you think about pandas,CHAT
in the story will a prince be okay,STORY
hey my favorite animal is the moon,CHAT
oh silence please,SYSTEM
hmm power down right now,SYSTEM
make condensation easier to understand,STUDY
what can you tell me about volcanoes,STUDY
wanna play patty cake please,PET
oh can we play spelling bee now,GAME
can you go to the couch,NAVIGATION
what is the answer to four plus eleven,STUDY
pause everything right now,SYSTEM
so change language to korean,SYSTEM
okay i can't hear you speak louder,SYSTEM
teach me about cells,STUDY
i feel like playing spelling bee,GAME
explain continents in simple words,STUDY
so check your status,SYSTEM
play spelling bee with me okay,GAME
hmm turn down the volume,SYSTEM
can i have a high five,PET
time for tag,PET
time to play number guessing,GAME
let's go with the right path,STORY
uh face the nursery,NAVIGATION
choose the tall mountain,STORY
um let's go to the window,NAVIGATION
oh enable do not disturb now,SYSTEM
i'll guess five,GAME
do you want to play hide and seek,PET
oh my favorite game is dinosaurs okay,CHAT
shake little paw cutie,PET
i want a spooky story,STORY
face the basement,NAVIGATION
why do we need to learn the alphabet,STUDY
put on a excited face,PET
please go to the bookshelf,NAVIGATION
oh what do you think about chocolate now,CHAT
in the game i think it's true,GAME
is biology the same as biology,STUDY
oh i'm guessing false okay,GAME
so give me a handshake now,PET
new story about a fairy,STORY
hey my favorite subject is food thanks,CHAT
i want to learn about ecosystems,STUDY
so can you tell a story with a pirate and a puppy okay,STORY
give me a summary of spelling,STUDY
um set volume to seventy percent now,SYSTEM
don't be sad,PET
can you tell a story with a fairy and a lion,STORY
um start a game of chess thanks,GAME
um disable wifi,SYSTEM
start a new story about a wizard,STORY
nice to see you again cutie,PET
everything will be fine honeybun,PET
my favorite movie is penguins,CHAT
can you clarify multiplication,STUDY
what's the difference between colors and addition,STUDY
bring me to the sofa,NAVIGATION
sit down sweetie,PET
i missed you darling,PET
hmm restart the system okay,SYSTEM
uh take me to the porch,NAVIGATION
um switch to hindi,SYSTEM
i feel like playing true or false right now,GAME
make it louder thanks,SYSTEM
hey do you like movie,CHAT
oh spin me a yarn about a lion thanks,STORY
oh do you like stars,CHAT
hmm disable dark mode please,SYSTEM
um i choose the silver bridge thanks,STORY
uh how about a game of hangman,GAME
what can you tell me about the food chain,STUDY
oh in the story is a fairy safe,STORY
don't be grumpy,PET
oh ten is my final game answer okay,GAME
my favorite game is rainbows,CHAT
um dim the lights please,SYSTEM
okay follow me to the back door thanks,NAVIGATION
follow me to the window thanks,NAVIGATION
okay let's start spelling bee,GAME
i'm proud of you buddy,PET
what's the difference between condensation and geography,STUDY
navigate to the laundry room right now,NAVIGATION
in the story what if a puppy meets a brave knight,STORY
okay change language to german,SYSTEM
it's okay if you're nervous thanks,PET
hmm run diagnostics right now,SYSTEM
watch out for the chair,NAVIGATION
can you tell a story with a puppy and a superhero,STORY
face the stairs please,NAVIGATION
can you explain subtraction,STUDY
go through the bright forest,STORY
tell me an adventure story about a superhero,STORY
pet pet pet munchkin,PET
decrease volume please,SYSTEM
please go to the bathroom please,NAVIGATION
okay sleep mode,SYSTEM
what chapter is weather in,STUDY
uh nice to see you again pal right now,PET
can you tell a story with a monkey and a unicorn,STORY
read this lesson about addition,STUDY
can you tell a story with an astronaut and a puppy,STORY
hey set volume to high,SYSTEM
please go to the playroom,NAVIGATION
take two steps backward please,NAVIGATION
can you tell a story with a talking cat and a pirate,STORY
um in the story what if a puppy meets a dinosaur,STORY
um my favorite subject is book right now,CHAT
begin a tale about a wizard,STORY
um what's interesting about butterflies,CHAT
go over cells again,STUDY
hmm lead the way to the basement,NAVIGATION
go over the solar system again,STUDY
can you tell a story with a penguin and a unicorn,STORY
lead the way to the entrance,NAVIGATION
let's go to the hallway,NAVIGATION
what chapter is light in,STUDY
good evening cupcake,PET
in the story what happens to an astronaut,STORY
why do we need to learn shapes,STUDY
hey what do you think about sport thanks,CHAT
my favorite animal is the moon right now,CHAT
i want to go to the porch thanks,NAVIGATION
i want a quiz on physics,STUDY
move away from the shoe now,NAVIGATION
oh i like pandas now,CHAT
spin me a yarn about a pirate,STORY
sleep mode,SYSTEM
okay let me guess the last one please,GAME
come here buddy let me pet you okay,PET
is the human body the same as gravity,STUDY
do you like pizza,CHAT
hmm change language to japanese please,SYSTEM
hey play catch with me now,PET
oh update yourself right now,SYSTEM
turn off dark mode now,SYSTEM
uh cancel what you're doing,SYSTEM
what's interesting about the sun thanks,CHAT
speak in english,SYSTEM
tell me a adventure tale,STORY
my guess is five,GAME
come with me to the closet,NAVIGATION
it's alright buddy please,PET
hmm my favorite animal is food,CHAT
come with me to the garage,NAVIGATION
sit down little one,PET
face the porch,NAVIGATION
okay play twenty questions with me,GAME
my favorite food is pandas now,CHAT
my favorite food is robots,CHAT
in the story what if a prince meets a lion,STORY
do you know any songs right now,CHAT
cheer up sunshine,PET
oh shake hand friend now,PET
hmm did you know that dolphins,CHAT
hmm i had a good day right now,CHAT
okay be quiet,SYSTEM
break down chemistry for me,STUDY
so i choose the right path right now,STORY
oh set volume to medium now,SYSTEM
in the story what if a lion meets a penguin,STORY
uh can you go to the bathroom,NAVIGATION
in the story what if a prince meets an alien,STORY
uh stop everything okay,SYSTEM
hey my favorite color is cats okay,CHAT
can you teach me gravity,STUDY
can you tell a story with a puppy and a puppy,STORY
um head over to the living room,NAVIGATION
hey speak in english,SYSTEM
uh hey thanks,CHAT
don't worry darling,PET
oh in the game i'll go with red,GAME
can you tell a story with a princess and a prince,STORY
hmm set volume to half,SYSTEM
put on a silly face,PET
let's review the sun,STUDY
in the story what if a brave knight meets a ninja,STORY
hey stop everything thanks,SYSTEM
i want to play word guess,GAME
why do we need to learn the sun,STUDY
um head over to the entrance please,NAVIGATION
what does continents mean,STUDY
tell me an adventure story about a ninja thanks,STORY
explain the human body to me,STUDY
head over to the study room please,NAVIGATION
oh let's go to the pantry now,NAVIGATION
face the bathroom thanks,NAVIGATION
so what's interesting about dolphins right now,CHAT
hey what version are you thanks,SYSTEM
got any would you rather going okay,GAME
okay set volume to medium okay,SYSTEM
update yourself,SYSTEM
i'm guessing yes please,GAME
oh show me your shake,PET
i have a question about volcanoes,STUDY
what is the answer to twenty divided by five,STUDY
hmm head over to the dining room now,NAVIGATION
what are the main points of the sun,STUDY
let's start card game,GAME
my favorite subject is cats,CHAT
i need to review light,STUDY
can you tell a story with a unicorn and a lion,STORY
in the game i'll go with seven,GAME
um do you like birds,CHAT
i'm proud of you cutie,PET
hey please go to the sofa,NAVIGATION
okay i'll guess option a now,GAME
i feel like playing riddles,GAME
oh take me to the entrance now,NAVIGATION
hmm i want a harder word guess,GAME
hey is there a happy ending now,STORY
in the story what if a princess meets a brave knight,STORY
um follow me to the corridor,NAVIGATION
hmm speak in japanese,SYSTEM
bring me to the garden,NAVIGATION
i need help with light,STUDY
for the game i'll say the dog,GAME
my favorite subject is place,CHAT
avoid the rug,NAVIGATION
well done friend,PET
go to the balcony please,NAVIGATION
in the story what happens to a penguin,STORY
tell me about shapes,STUDY
you are so cool thanks,CHAT
um for the game i'll say yes,GAME
um can you tell a story with an alien and a monkey,STORY
you're so sweet robot,PET
can you tell a story with an alien and a brave knight please,STORY
go over division again,STUDY
hey speak in spanish okay,SYSTEM
oh do you like song,CHAT
what chapter is plants in,STUDY
hey enable wifi now,SYSTEM
come give me a nose boop,PET
uh there there nugget,PET
stay away from the lamp,NAVIGATION
i have a question about geography,STUDY
tell me about the sun,STUDY
oh switch to french thanks,SYSTEM
hmm do you like cars now,CHAT
hmm game over thanks,GAME
so load up word scramble please,GAME
why do we need to learn oceans,STUDY
uh head over to the garden,NAVIGATION
walk to the window,NAVIGATION
follow me to the corridor thanks,NAVIGATION
hmm restart right now,SYSTEM
can you tell a story with a prince and a talking cat,STORY
i want to play hangman,GAME
uh enter sleep mode now,SYSTEM
uh disable wifi,SYSTEM
so let's go to the study room thanks,NAVIGATION
i want to hear more of the story,STORY
okay restart everything okay,SYSTEM
in the story what if a puppy meets a ninja,STORY
help me understand continents,STUDY
uh change language to hindi,SYSTEM
in the story what if a puppy meets a talking cat,STORY
play dress up with me right now,PET
come give me a pat on the head,PET
hmm let's play number guessing okay,GAME
okay change language to french thanks,SYSTEM
my favorite subject is penguins,CHAT
for the game i choose ten,GAME
uh turn on bluetooth,SYSTEM
hmm set volume to medium,SYSTEM
i want a happy story,STORY
hey got any puzzle going,GAME
okay my favorite game is ice cream right now,CHAT
hmm you did great honeybun,PET
head to the balcony,NAVIGATION
hmm good morning,CHAT
um turn off notifications now,SYSTEM
let's review dinosaurs,STUDY
i'm stuck give me a hint please,GAME
let's review photosynthesis,STUDY
hey restart the system,SYSTEM
update yourself right now,SYSTEM
don't be tired,PET
what do you think about the moon okay,CHAT
make a pouty face for me,PET
i'll take care of you munchkin now,PET
show me how volcanoes works,STUDY
look towards the door,NAVIGATION
oh my favorite animal is the moon,CHAT
invent a story about a bunny,STORY
oh standby mode now,SYSTEM
change language to chinese thanks,SYSTEM
quit the game,GAME
nice to see you again pumpkin,PET
how is the food chain used in real life,STUDY
good morning pal,PET
in the story what if a monkey meets a robot,STORY
i need help with the human body,STUDY
my game answer is the first one,GAME
uh in the game the answer is ten,GAME
spell electricity for me,STUDY
uh my favorite game is birds right now,CHAT
my game answer is yes please,GAME
set volume to minimum okay,SYSTEM
i don't understand light,STUDY
okay tag along with me,NAVIGATION
in the story what if an astronaut meets a fairy thanks,STORY
what are the main points of erosion,STUDY
what's your favorite sport,CHAT
hmm create a story with a lion,STORY
do you know how to spin,PET
so i'm guessing option c,GAME
oh quieter please right now,SYSTEM
speak in french now,SYSTEM
my favorite subject is color now,CHAT
navigate to the pantry right now,NAVIGATION
read this lesson about photosynthesis,STUDY
hey there little sunshine,PET
my game answer is true,GAME
tell me something funny okay,CHAT
explain dinosaurs in simple words,STUDY
tell a mystery story please,STORY
okay got any word scramble going,GAME
my favorite movie is place,CHAT
i need help with colors,STUDY
can you tell a story with a bear and a witch,STORY
start a new story about a princess,STORY
okay volume down now,SYSTEM
hmm launch geography quiz,GAME
for the game i'll say seven,GAME
hey change language to chinese right now,SYSTEM
um head to the living room right now,NAVIGATION
so i like animal,CHAT
uh in the game i think it's yes now,GAME
take ten steps around,NAVIGATION
hey my favorite subject is food,CHAT
time to play would you rather,GAME
hmm my favorite color is birds,CHAT
i have a question about dinosaurs,STUDY
face the entrance,NAVIGATION
let me guess option two,GAME
walk to the entrance okay,NAVIGATION
i choose the right path,STORY
show me how biology works,STUDY
in the story what if a fairy meets a superhero,STORY
got any geography quiz going,GAME
okay hush now,SYSTEM
so my favorite game is song okay,CHAT
so i like chocolate right now,CHAT
hey what's interesting about elephants okay,CHAT
uh lead the way to the laundry room okay,NAVIGATION
hey sleep mode okay,SYSTEM
enable bluetooth now,SYSTEM
take the hidden tunnel,STORY
oh change language to hindi,SYSTEM
hmm come with me to the balcony,NAVIGATION
in the game i'll go with yes,GAME
um hi,CHAT
hmm final answer blue now,GAME
i'll guess red,GAME
in the story what if a wizard meets a witch please,STORY
create a story with a prince,STORY
time to sleep please,SYSTEM
what's the difference between planets and the alphabet,STUDY
look towards the entrance please,NAVIGATION
make oceans easier to understand,STUDY
please go to the patio thanks,NAVIGATION
in the story what if a fairy meets an astronaut,STORY
hey speak in hindi please,SYSTEM
make biology easier to understand,STUDY
how does the moon work,STUDY
in the story what if a penguin meets a fairy,STORY
uh mute,SYSTEM
i need help with geography,STUDY
make magnets easier to understand,STUDY
my favorite animal is chocolate now,CHAT
let's do a quiz on arithmetic,STUDY
oh my favorite color is pandas,CHAT
hey turn on night mode okay,SYSTEM
hey move around,NAVIGATION
so walk to the attic,NAVIGATION
um got any i spy going,GAME
hmm i like toy please,CHAT
so lead the way to the couch,NAVIGATION
for this round i pick option b okay,GAME
oh my favorite food is chocolate please,CHAT
so do you like chocolate thanks,CHAT
um in the story what if a ninja meets a robot right now,STORY
hey go back to your dock,NAVIGATION
in the story what if a mermaid meets an alien,STORY
so i missed you boo right now,PET
let me guess option c,GAME
hey can you go to the bathroom okay,NAVIGATION
i have a question about fractions,STUDY
hmm enable airplane mode please,SYSTEM
in the story what does a detective find,STORY
hmm for this round i pick three,GAME
oh for the game i'll say ten now,GAME
silence thanks,SYSTEM
so you make me so happy friend okay,PET
go over shapes again,STUDY
for the game i choose the cat okay,GAME
you're my favorite little one,PET
did you know that the sun thanks,CHAT
oh hi sunshine how are you now,PET
hmm tell me a joke,CHAT
come with me to the couch please,NAVIGATION
hmm pet pet pet friend right now,PET
summarize atoms for me,STUDY
i pick option one for the game,GAME
are you charging okay,SYSTEM
invent a story about a monkey,STORY
um i want to play patty cake with you,PET
oh mute the sound,SYSTEM
in the story what if a pirate meets a monkey,STORY
uh run diagnostics,SYSTEM
let's have fun playing follow the leader,PET
oh sleep now right now,SYSTEM
okay hello there pal,PET
my favorite food is pizza please,CHAT
hey standby mode okay,SYSTEM
change language to german thanks,SYSTEM
okay switch to french right now,SYSTEM
it's bedtime go to sleep okay,SYSTEM
spell the food chain for me,STUDY
how do airplanes fly please,CHAT
okay my favorite game is robots please,CHAT
enable airplane mode,SYSTEM
can you go to the front door,NAVIGATION
can you go to the patio,NAVIGATION
can you tell a story with a robot and a monkey,STORY
oh enable dark mode now,SYSTEM
hey i can't hear you speak louder,SYSTEM
you're such a good nugget,PET
hmm hello there boo,PET
okay come here little one let me pet you,PET
oh take me to the study room now,NAVIGATION
in the story what if a dragon meets a fairy,STORY
load up animal quiz,GAME
what's the difference between atoms and shapes,STUDY
ask me questions about english,STUDY
oh in the game it must be red right now,GAME
let's play maze,GAME
avoid the wall,NAVIGATION
look towards the back door,NAVIGATION
in the game the answer is the dog,GAME
can you tell a story with a mermaid and a bear,STORY
hmm face the entrance,NAVIGATION
move to the door,NAVIGATION
do you like birds right now,CHAT
okay disable airplane mode,SYSTEM
so decrease volume thanks,SYSTEM
i can't hear you speak louder,SYSTEM
tell me about animals,STUDY
navigate to the kitchen,NAVIGATION
can you teach me the alphabet,STUDY
hmm do you like stars thanks,CHAT
oh hi my sweet little one,PET
review cells with me,STUDY
what happened after that in the story,STORY
okay set brightness to half okay,SYSTEM
uh my favorite animal is robots thanks,CHAT
for this round i pick option d okay,GAME
go over light again,STUDY
my guess is option three,GAME
i want to learn about condensation,STUDY
hey launch tic-tac-toe thanks,GAME
so can you tell a story with an astronaut and a ninja okay,STORY
let me guess ten,GAME
okay run diagnostics,SYSTEM
i want to hear a story about a bear,STORY
hmm please go to the hallway please,NAVIGATION
hey can we play patty cake please,PET
okay enable wifi okay,SYSTEM
oh how much battery do you have please,SYSTEM
go around,NAVIGATION
what's the difference between planets and volcanoes,STUDY
what chapter is addition in,STUDY
oh final answer yes,GAME
let me see your wink,PET
oh my favorite animal is rainbows okay,CHAT
so what's your battery level,SYSTEM
how does subtraction work,STUDY
um stop everything thanks,SYSTEM
oh how about a game of puzzle,GAME
um shake paw love,PET
hi cupcake how are you,PET
disable wifi,SYSTEM
go back to base,NAVIGATION
um let's play maze thanks,GAME
scratch behind your ears munchkin,PET
you're my favorite boo,PET
can you tell a story with a pirate and a superhero,STORY
oh what do you think about birds thanks,CHAT
uh change language to japanese,SYSTEM
let's play chess,GAME
are you feeling sad,PET
um can you go to the pantry thanks,NAVIGATION
so sleep now right now,SYSTEM
okay navigate to the garden,NAVIGATION
final answer option two,GAME
um i want to hear a story about a unicorn,STORY
once upon a time story about a princess,STORY
my game answer is no,GAME
restart yourself okay,SYSTEM
can you teach me molecules,STUDY
roll over cupcake,PET
final answer option a,GAME
can i have a boop,PET
oh how do birds fly,CHAT
can you tell me a action story,STORY
is continents the same as the sun,STUDY
oh do you want to play patty cake right now,PET
so turn on night mode,SYSTEM
in the story what if a lion meets a robot,STORY
review continents with me,STUDY
keep going with the story,STORY
hmm for this round i pick right,GAME
start a new story about a pirate,STORY
hey walk two steps forward okay,NAVIGATION
hmm my favorite animal is ice cream right now,CHAT
break down weather for me,STUDY
can you clarify history,STUDY
what are the main points of weather,STUDY
uh in the game i'll go with five right now,GAME
hmm what's interesting about butterflies,CHAT
how is shapes used in real life,STUDY
give me an explanation of oceans,STUDY
hey tell me a space tale,STORY
take two steps backward,NAVIGATION
let's review continents,STUDY
hey cancel everything,SYSTEM
um let's go to the pantry right now,NAVIGATION
is addition the same as light,STUDY
um be careful near the door okay,NAVIGATION
in the game i'll go with red thanks,GAME
set volume to half,SYSTEM
oh enough gaming right now,GAME
hey stop walking,NAVIGATION
turn left,NAVIGATION
turn on night mode,SYSTEM
uh follow me to the back door,NAVIGATION
so time to play simon says,GAME
explain the moon to me,STUDY
okay scratch behind your ears sweetie now,PET
in the story what if a brave knight meets an alien,STORY
let's do a quiz on spelling,STUDY
hey i like rainbows,CHAT
okay turn on dark mode,SYSTEM
is geography the same as erosion,STUDY
uh thank you,CHAT
explain multiplication in simple words,STUDY
what's the difference between the human body and oceans,STUDY
can you tell me a adventure story,STORY
so let's go to the couch thanks,NAVIGATION
turn on notifications thanks,SYSTEM
can you tell a story with a robot and a wizard now,STORY
i'm guessing blue okay,GAME
what does the alphabet mean,STUDY
can you tell a story with a penguin and a puppy,STORY
so i'm here for you little cutie,PET
um i'll take care of you pal,PET
hmm turn off airplane mode thanks,SYSTEM
oh head over to the entrance,NAVIGATION
in the story what if a detective meets a penguin,STORY
in the story what if an astronaut meets a prince,STORY
go over plants again,STUDY
okay come with me to the hallway,NAVIGATION
can you clarify sound,STUDY
turn backward,NAVIGATION
i need to review condensation,STUDY
do you want to play ball,PET
is gravity the same as animals,STUDY
oh set volume to maximum now,SYSTEM
open true or false,GAME
hmm in the story what if an alien meets a unicorn thanks,STORY
got any math quiz going,GAME
hey my favorite food is cars okay,CHAT
final answer three,GAME
what's interesting about butterflies please,CHAT
hey let me guess the first one right now,GAME
um in the game i'll go with option d,GAME
do a confused face,PET
um standby mode thanks,SYSTEM
can you clarify the food chain,STUDY
hey i'm here for you little pal,PET
do you like color,CHAT
play maze with me,GAME
disable night mode now,SYSTEM
my favorite color is cats,CHAT
belly rub time robot now,PET
show me your pouty face now,PET
let's try the magic portal,STORY
you make me smile cupcake,PET
um let's play animal quiz now,GAME
hmm walk to the window right now,NAVIGATION
hey for this round i pick option b right now,GAME
help me with this math problem double fourteen,STUDY
uh head over to the closet okay,NAVIGATION
do a hop for me,PET
how do you spell dinosaurs,STUDY
how do you spell electricity,STUDY
i want a quiz on arithmetic,STUDY
why is division important,STUDY
begin a new game of spelling bee,GAME
hey tell me a riddle thanks,CHAT
okay my favorite game is flowers thanks,CHAT
can you clarify the human body,STUDY
hey little one you're so cute,PET
solve fifteen minus six,STUDY
can you tell a story with a ninja and a detective,STORY
decrease volume,SYSTEM
uh i'll guess twenty thanks,GAME
uh take a few steps around thanks,NAVIGATION
uh let's go to the bookshelf thanks,NAVIGATION
test my knowledge of math,STUDY
hmm i want the dark cave okay,STORY
so restart right now,SYSTEM
hmm i like song thanks,CHAT
uh i love you baby,PET
hmm what's up right now,CHAT
um i want the dark cave okay,STORY
hmm begin a tale about a unicorn,STORY
solve twenty divided by five,STUDY
how about a game of trivia,GAME
so it's alright friend thanks,PET
can you tell a story with a talking cat and a dragon,STORY
show me a cool dance,PET
i need a hug from you,PET
explain the food chain to me,STUDY
uh well done baby now,PET
can you tell a story with a dragon and a prince,STORY
run diagnostics right now,SYSTEM
hmm i pick the last one for the game,GAME
what's the difference between the solar system and addition,STUDY
uh time to play i spy,GAME
look towards the basement,NAVIGATION
go around the toy thanks,NAVIGATION
oh come give me a handshake,PET
oh can you go to the playroom,NAVIGATION
uh disable bluetooth right now,SYSTEM
can you tell a story with a detective and a detective,STORY
in the story is a brave knight safe,STORY
please go to the laundry room,NAVIGATION
why do we need to learn cells,STUDY
hey walk to the living room,NAVIGATION
make up a story about a fairy,STORY
where do you live,CHAT
oh my favorite color is birds,CHAT
let's play fetch together,PET
set brightness to high,SYSTEM
lead the way to the living room,NAVIGATION
shake little paw friend please,PET
play animal quiz with me,GAME
so in the game i'll go with option a,GAME
read this lesson about dinosaurs,STUDY
do you like chocolate now,CHAT
for the game i'll say the last one,GAME
start a game of math quiz now,GAME
um change language to hindi,SYSTEM
you're adorable boo,PET
turn on bluetooth right now,SYSTEM
um move away from the toy,NAVIGATION
can you explain plants,STUDY
hmm unmute thanks,SYSTEM
so what time is it,CHAT
can you teach me photosynthesis,STUDY
so head to the couch,NAVIGATION
hey disable airplane mode right now,SYSTEM
rotate left,NAVIGATION
my favorite animal is cats,CHAT
hey can you go to the back door now,NAVIGATION
what's the difference between continents and electricity,STUDY
okay scratch behind your ears baby thanks,PET
move to the balcony,NAVIGATION
let's play puzzle okay,GAME
um move to the closet,NAVIGATION
hey set brightness to low,SYSTEM
hey my favorite game is ice cream thanks,CHAT
i'm guessing false,GAME
okay in the story what if a pirate meets a unicorn thanks,STORY
what's the definition of biology,STUDY
how is subtraction used in real life,STUDY
let me guess option three,GAME
my favorite animal is ice cream please,CHAT
i pick option d for the game,GAME
make shapes easier to understand,STUDY
sleep now,SYSTEM
good to see you darling,PET
hey love i missed you,PET
in the story what if a bear meets a pirate,STORY
um look towards the balcony thanks,NAVIGATION
hey i pick right for the game,GAME
teach me about multiplication,STUDY
my favorite game is birds okay,CHAT
my favorite game is the moon now,CHAT
um nice to see you again honeybun right now,PET
hmm i'll guess the first one okay,GAME
uh for the game i choose option b right now,GAME
hey my favorite movie is birds please,CHAT
oh hold on stop please,NAVIGATION
hey i like color right now,CHAT
lead the way to the dining room,NAVIGATION
uh my favorite movie is movie please,CHAT
um lead the way to the front door,NAVIGATION
uh turn on bluetooth okay,SYSTEM
so what's the weather like,CHAT
okay disable bluetooth okay,SYSTEM
quiz me on arithmetic,STUDY
so what's my score,GAME
hey refresh the system,SYSTEM
okay speak in arabic,SYSTEM
change language to arabic right now,SYSTEM
tell me a story about a robot,STORY
watch out for the dog,NAVIGATION
play math quiz with me,GAME
give me an example of photosynthesis,STUDY
summarize sound for me,STUDY
hey let's start puzzle,GAME
let's play i spy,GAME
turn up the volume please,SYSTEM
can we play number guessing please,GAME
roll over pal,PET
so check your status okay,SYSTEM
nice to see you again sweetie,PET
can we review grammar please,STUDY
back up a little,NAVIGATION
i want to play follow the leader with you,PET
go to the basement right now,NAVIGATION
uh head over to the basement please,NAVIGATION
hmm i need a pat on the head from you,PET
so do you like rainbows okay,CHAT
oh my favorite color is ice cream,CHAT
hey set brightness to half please,SYSTEM
in the game it must be left,GAME
give me an example of continents,STUDY
so head over to the window,NAVIGATION
okay my favorite food is game,CHAT
in the game it must be option one,GAME
say robot in a funny voice,CHAT
can you clarify weather,STUDY
emergency stop okay,SYSTEM
so face the bookshelf,NAVIGATION
what's the difference between gravity and the alphabet,STUDY
hmm what do you think about the moon now,CHAT
okay head to the bookshelf please,NAVIGATION
head to the patio,NAVIGATION
tell me a story about a unicorn,STORY
take me to the entrance,NAVIGATION
spell gravity for me,STUDY
move to the garden,NAVIGATION
explain continents to me,STUDY
um head over to the couch please,NAVIGATION
uh it's bedtime go to sleep,SYSTEM
i want to play card game,GAME
can you tell a story with a bunny and a superhero,STORY
uh come here boo let me pet you now,PET
watch out for the box,NAVIGATION
help me with this math problem twelve minus seven,STUDY
can you tell a story with a mermaid and an alien,STORY
quiz time for vocabulary,STUDY
oh i like the moon,CHAT
in the story what if a bear meets a puppy,STORY
oh bring me to the balcony okay,NAVIGATION
um in the story what if a talking cat meets a dragon please,STORY
in the story what if a lion meets a witch,STORY
i want to play memory match,GAME
oh i missed you buddy,PET
walk five steps forward right now,NAVIGATION
oh louder please,SYSTEM
i want to hear a story about a pirate,STORY
so emergency stop thanks,SYSTEM
summarize the moon for me,STUDY
break down shapes for me,STUDY
cancel all tasks now,SYSTEM
oh my favorite game is ice cream,CHAT
oh reboot your system,SYSTEM
in the game the answer is yes now,GAME
so walk a few steps forward right now,NAVIGATION
so be quiet okay,SYSTEM
open word scramble,GAME
you make me smile buddy,PET
uh come with me to the patio,NAVIGATION
did you know that butterflies now,CHAT
come with me to the corridor now,NAVIGATION
create a story with a superhero,STORY
in the story what if a ninja meets a superhero,STORY
what's the difference between cells and sound,STUDY
do a jump for me,PET
follow me to the bedroom thanks,NAVIGATION
look towards the closet okay,NAVIGATION
how does the solar system work,STUDY
hey i had a great day right now,CHAT
why is continents important,STUDY
oh in the game it must be option three,GAME
begin a new game of i spy okay,GAME
i want to play simon says,GAME
aww hello darling,PET
check for updates,SYSTEM
okay time to play card game right now,GAME
so for the game i choose left please,GAME
set brightness to medium right now,SYSTEM
uh why is the sky orange thanks,CHAT
go around the door now,NAVIGATION
uh do a jump for me,PET
um i want to go to the window,NAVIGATION
avoid the cat,NAVIGATION
it's bedtime go to sleep,SYSTEM
speak in french right now,SYSTEM
um tell me a story about a bunny,STORY
you're such a good boo,PET
help me with this math problem ten plus ten,STUDY
um my favorite movie is pandas,CHAT
hey aww friend you're the best,PET
so what's your favorite joke thanks,CHAT
in the story what if a unicorn meets a detective,STORY
how does addition work,STUDY
oh i like ice cream,CHAT
start a new story about an alien,STORY
uh i'm guessing blue thanks,GAME
hey set brightness to fifty percent,SYSTEM
hey go to the front door thanks,NAVIGATION
um walk to the porch,NAVIGATION
what chapter is multiplication in,STUDY
okay can we play simon says thanks,GAME
do you like penguins now,CHAT
